time,roll_diff,pitch_diff,yaw_diff,roll1,pitch1,yaw1,roll2,pitch2,yaw2
0,-0.0034,-0.0008,-0.0011,0.1033,-0.032,0,0.1067,-0.0312,0.0011
0.01,-0.0069,-0.002,-0.0027,0.2235,-0.0592,0.0157,0.2304,-0.0572,0.0184
0.02,-0.0078,-0.0049,0,0.3349,-0.0997,0.0314,0.3428,-0.0948,0.0314
0.03,-0.0129,-0.0103,0.0018,0.451,-0.1247,0.0471,0.4639,-0.1144,0.0453
0.04,-0.0151,-0.0081,0.003,0.5633,-0.1539,0.0628,0.5784,-0.1458,0.0598
0.05,-0.0169,-0.01,0.0062,0.672,-0.1849,0.0785,0.6889,-0.1749,0.0723
0.06,-0.0193,-0.0059,0.0064,0.7788,-0.2056,0.0942,0.7981,-0.1997,0.0879
0.07,-0.0228,-0.0053,0.0052,0.8947,-0.2288,0.1099,0.9175,-0.2236,0.1048
0.08,-0.0271,-0.0009,0.0044,0.9977,-0.2656,0.1256,1.0248,-0.2647,0.1213
0.09,-0.0268,-0.001,0.0051,1.1039,-0.2915,0.1413,1.1307,-0.2905,0.1363
0.1,-0.0236,-0.0025,0.0058,1.208,-0.3092,0.157,1.2316,-0.3067,0.1512
0.11,-0.0257,0.0021,0.0099,1.3202,-0.337,0.1727,1.3459,-0.3391,0.1628
0.12,-0.0264,0.0098,0.0104,1.4193,-0.3626,0.1884,1.4457,-0.3724,0.178
0.13,-0.0256,0.0093,0.0102,1.5144,-0.3986,0.2041,1.54,-0.4079,0.1939
0.14,-0.0314,0.0134,0.0091,1.615,-0.4312,0.2198,1.6464,-0.4446,0.2108
0.15,-0.031,0.017,0.0108,1.7209,-0.4513,0.2355,1.752,-0.4683,0.2247
0.16,-0.0318,0.0141,0.013,1.819,-0.4761,0.2512,1.8508,-0.4902,0.2382
0.17,-0.0321,0.0162,0.0136,1.9147,-0.5031,0.2669,1.9469,-0.5193,0.2533
0.18,-0.0338,0.0188,0.0152,2.0067,-0.5286,0.2826,2.0405,-0.5474,0.2673
0.19,-0.0291,0.0201,0.0167,2.1089,-0.5295,0.2983,2.138,-0.5496,0.2816
0.2,-0.0297,0.0235,0.0134,2.2103,-0.5354,0.3139,2.2399,-0.5589,0.3005
0.21,-0.0338,0.0222,0.0116,2.3,-0.5593,0.3296,2.3338,-0.5815,0.318
0.22,-0.0372,0.0245,0.0111,2.3836,-0.5825,0.3453,2.4208,-0.6071,0.3342
0.23,-0.0365,0.0253,0.0099,2.4812,-0.6096,0.3609,2.5177,-0.6349,0.351
0.24,-0.036,0.0237,0.0077,2.5702,-0.6244,0.3766,2.6062,-0.6481,0.3689
0.25,-0.0393,0.0196,0.0061,2.6562,-0.6483,0.3923,2.6955,-0.6679,0.3862
0.26,-0.0365,0.0184,0.0065,2.7408,-0.6711,0.4079,2.7772,-0.6895,0.4014
0.27,-0.0333,0.0182,0.0054,2.82,-0.6931,0.4236,2.8533,-0.7113,0.4182
0.28,-0.0371,0.0155,0.0066,2.8937,-0.7159,0.4392,2.9308,-0.7314,0.4327
0.29,-0.0399,0.0188,0.0103,2.9824,-0.7433,0.4549,3.0222,-0.7621,0.4446
0.3,-0.0384,0.0148,0.0068,3.0636,-0.7689,0.4705,3.1019,-0.7836,0.4637
0.31,-0.0395,0.0133,0.0073,3.1477,-0.7944,0.4861,3.1873,-0.8077,0.4788
0.32,-0.0446,0.0146,0.0061,3.2133,-0.8142,0.5018,3.2579,-0.8288,0.4957
0.33,-0.0457,0.0164,0.0045,3.2841,-0.8255,0.5174,3.3298,-0.8418,0.5129
0.34,-0.0419,0.0177,0.0058,3.3503,-0.8477,0.533,3.3922,-0.8654,0.5273
0.35,-0.0458,0.0201,0.0093,3.4204,-0.8806,0.5486,3.4662,-0.9006,0.5393
0.36,-0.0473,0.018,0.0085,3.493,-0.8993,0.5642,3.5404,-0.9173,0.5557
0.37,-0.0455,0.0145,0.0047,3.5621,-0.9231,0.5798,3.6075,-0.9376,0.5751
0.38,-0.0426,0.0104,0.0063,3.638,-0.9379,0.5954,3.6806,-0.9484,0.5892
0.39,-0.039,0.0061,0.005,3.7148,-0.9602,0.611,3.7538,-0.9662,0.606
0.4,-0.0443,0.0096,-0.0005,3.7783,-0.9755,0.6266,3.8226,-0.9851,0.6271
0.41,-0.0452,0.0115,-0.0018,3.8629,-0.9967,0.6422,3.9081,-1.0082,0.6439
0.42,-0.0478,0.0113,-0.0016,3.928,-1.0067,0.6578,3.9758,-1.018,0.6593
0.43,-0.0506,0.0116,-0.0054,3.9832,-1.021,0.6733,4.0338,-1.0325,0.6787
0.44,-0.0478,0.0131,-0.0046,4.0537,-1.0392,0.6889,4.1015,-1.0523,0.6934
0.45,-0.0452,0.0111,-0.0056,4.1082,-1.054,0.7044,4.1534,-1.0651,0.71
0.46,-0.0439,0.0117,-0.0054,4.1691,-1.08,0.72,4.2129,-1.0917,0.7254
0.47,-0.0396,0.0117,-0.006,4.223,-1.1056,0.7355,4.2626,-1.1173,0.7415
0.48,-0.0388,0.0146,-0.0038,4.2814,-1.1223,0.751,4.3203,-1.1369,0.7549
0.49,-0.0363,0.014,-0.0032,4.3362,-1.1431,0.7666,4.3725,-1.1571,0.7698
0.5,-0.0338,0.0154,-0.0051,4.3939,-1.1552,0.7821,4.4277,-1.1706,0.7872
0.51,-0.0367,0.0161,-0.0033,4.458,-1.1747,0.7976,4.4947,-1.1908,0.8009
0.52,-0.0317,0.0167,-0.0022,4.5126,-1.1938,0.8131,4.5444,-1.2105,0.8153
0.53,-0.0266,0.0132,-0.0043,4.5638,-1.2068,0.8286,4.5904,-1.22,0.8328
0.54,-0.0251,0.0112,-0.0031,4.6076,-1.2161,0.8441,4.6327,-1.2273,0.8472
0.55,-0.024,0.0158,-0.0019,4.6709,-1.232,0.8595,4.6948,-1.2478,0.8614
0.56,-0.0272,0.0131,-0.0017,4.7202,-1.248,0.875,4.7473,-1.2611,0.8767
0.57,-0.0285,0.0149,-0.0026,4.7642,-1.2622,0.8905,4.7928,-1.2771,0.8931
0.58,-0.0252,0.0146,0.0018,4.8118,-1.2872,0.9059,4.837,-1.3018,0.9041
0.59,-0.0244,0.0138,0.0037,4.8622,-1.2966,0.9213,4.8866,-1.3104,0.9176
0.6,-0.0284,0.013,0.0076,4.9195,-1.3205,0.9368,4.9479,-1.3335,0.9292
0.61,-0.0237,0.006,0.0077,4.973,-1.3373,0.9522,4.9967,-1.3432,0.9444
0.62,-0.024,0.0083,0.0079,5.011,-1.3639,0.9676,5.0349,-1.3722,0.9597
0.63,-0.02,0.0028,0.0068,5.062,-1.3814,0.983,5.082,-1.3842,0.9762
0.64,-0.0218,0.0055,0.0067,5.0983,-1.3914,0.9984,5.12,-1.3969,0.9917
0.65,-0.0228,0.0038,0.0052,5.1475,-1.4124,1.0138,5.1704,-1.4162,1.0086
0.66,-0.0224,0.0067,0.0071,5.1855,-1.4314,1.0291,5.2079,-1.4381,1.022
0.67,-0.0223,0.0093,0.0075,5.2213,-1.46,1.0445,5.2435,-1.4693,1.037
0.68,-0.0209,0.0115,0.0127,5.2659,-1.4832,1.0599,5.2868,-1.4947,1.0472
0.69,-0.0264,0.0085,0.0155,5.3086,-1.4937,1.0752,5.3349,-1.5022,1.0597
0.7,-0.036,0.0103,0.0141,5.3535,-1.5044,1.0905,5.3895,-1.5147,1.0764
0.71,-0.0338,0.0164,0.0127,5.396,-1.522,1.1058,5.4298,-1.5384,1.0932
0.72,-0.0362,0.0142,0.011,5.4307,-1.5403,1.1212,5.4669,-1.5545,1.1101
0.73,-0.0394,0.0169,0.0132,5.4606,-1.5506,1.1364,5.5,-1.5675,1.1232
0.74,-0.0364,0.0198,0.0104,5.5013,-1.5486,1.1517,5.5377,-1.5684,1.1413
0.75,-0.0378,0.0217,0.0112,5.5319,-1.5812,1.167,5.5697,-1.6029,1.1558
0.76,-0.0403,0.0212,0.0131,5.5693,-1.6011,1.1823,5.6097,-1.6224,1.1691
0.77,-0.0395,0.0251,0.0135,5.6129,-1.6142,1.1975,5.6524,-1.6394,1.184
0.78,-0.0344,0.0271,0.0135,5.6467,-1.6284,1.2128,5.6811,-1.6555,1.1993
0.79,-0.034,0.0307,0.0121,5.6798,-1.648,1.228,5.7137,-1.6787,1.2158
0.8,-0.0313,0.0327,0.0132,5.7185,-1.6476,1.2432,5.7498,-1.6803,1.23
0.81,-0.0293,0.0329,0.0177,5.7393,-1.6724,1.2584,5.7686,-1.7053,1.2407
0.82,-0.0318,0.0282,0.023,5.7644,-1.679,1.2736,5.7962,-1.7072,1.2506
0.83,-0.0294,0.0269,0.026,5.7946,-1.7106,1.2888,5.8239,-1.7374,1.2628
0.84,-0.0314,0.0223,0.0234,5.8175,-1.7296,1.3039,5.8489,-1.7519,1.2805
0.85,-0.0333,0.0193,0.0216,5.8431,-1.7512,1.3191,5.8764,-1.7706,1.2975
0.86,-0.0369,0.0155,0.0218,5.8721,-1.767,1.3342,5.909,-1.7824,1.3124
0.87,-0.0326,0.0145,0.0244,5.9065,-1.784,1.3493,5.9391,-1.7986,1.325
0.88,-0.0338,0.0109,0.0267,5.9356,-1.791,1.3645,5.9695,-1.802,1.3378
0.89,-0.0351,0.0131,0.0252,5.9634,-1.8154,1.3796,5.9985,-1.8285,1.3544
0.9,-0.0343,0.018,0.0244,5.9981,-1.8428,1.3946,6.0324,-1.8608,1.3702
0.91,-0.0328,0.0194,0.0252,6.0297,-1.8602,1.4097,6.0625,-1.8796,1.3845
0.92,-0.0365,0.0182,0.0237,6.0583,-1.8779,1.4248,6.0948,-1.8962,1.4011
0.93,-0.0391,0.0175,0.0255,6.0724,-1.8909,1.4398,6.1115,-1.9084,1.4143
0.94,-0.0389,0.0169,0.0211,6.1048,-1.9076,1.4548,6.1438,-1.9245,1.4338
0.95,-0.0409,0.0168,0.022,6.1359,-1.9223,1.4699,6.1769,-1.9391,1.4478
0.96,-0.0449,0.0167,0.0224,6.1561,-1.9407,1.4849,6.201,-1.9574,1.4625
0.97,-0.0426,0.0114,0.0221,6.1864,-1.9561,1.4998,6.229,-1.9675,1.4777
0.98,-0.0384,0.0097,0.0256,6.2177,-1.958,1.5148,6.2561,-1.9677,1.4892
0.99,-0.0401,0.0104,0.0263,6.2455,-1.9812,1.5298,6.2856,-1.9915,1.5034
1,-0.0347,0.012,0.0274,6.261,-2.0032,1.5447,6.2957,-2.0152,1.5173
1.01,-0.0343,0.0131,0.029,6.2869,-2.0289,1.5596,6.3213,-2.042,1.5306
1.02,-0.031,0.008,0.0287,6.3065,-2.0418,1.5745,6.3374,-2.0498,1.5459
1.03,-0.0254,0.0107,0.0292,6.3363,-2.0476,1.5894,6.3617,-2.0584,1.5602
1.04,-0.0228,0.0111,0.0308,6.3606,-2.0561,1.6043,6.3834,-2.0672,1.5735
1.05,-0.0252,0.0085,0.0285,6.3755,-2.0621,1.6192,6.4008,-2.0707,1.5907
1.06,-0.0274,0.0107,0.0275,6.3986,-2.0786,1.634,6.426,-2.0893,1.6065
1.07,-0.0292,0.0179,0.0254,6.4145,-2.082,1.6488,6.4437,-2.0998,1.6234
1.08,-0.0335,0.0192,0.0224,6.4398,-2.0998,1.6636,6.4733,-2.119,1.6413
1.09,-0.0362,0.0181,0.0235,6.4555,-2.1167,1.6784,6.4917,-2.1348,1.655
1.1,-0.0442,0.0208,0.0216,6.4748,-2.1265,1.6932,6.519,-2.1473,1.6716
1.11,-0.0447,0.0199,0.0217,6.4891,-2.1465,1.708,6.5338,-2.1665,1.6863
1.12,-0.0416,0.0184,0.0211,6.5046,-2.1649,1.7227,6.5462,-2.1834,1.7016
1.13,-0.0396,0.0093,0.022,6.5111,-2.1728,1.7375,6.5507,-2.1821,1.7155
1.14,-0.0385,0.0142,0.0194,6.5136,-2.1803,1.7522,6.5521,-2.1946,1.7327
1.15,-0.0415,0.0153,0.0174,6.5196,-2.1999,1.7669,6.5611,-2.2153,1.7495
1.16,-0.0415,0.0133,0.0179,6.5241,-2.2134,1.7815,6.5656,-2.2266,1.7637
1.17,-0.0434,0.0112,0.0158,6.5372,-2.2146,1.7962,6.5806,-2.2258,1.7804
1.18,-0.0466,0.0054,0.0183,6.5601,-2.2291,1.8108,6.6067,-2.2345,1.7925
1.19,-0.0469,-0.0022,0.0158,6.5713,-2.2418,1.8255,6.6182,-2.2396,1.8096
1.2,-0.0489,-0.0021,0.0145,6.5906,-2.2606,1.8401,6.6395,-2.2585,1.8256
1.21,-0.053,-0.0031,0.0164,6.5964,-2.2755,1.8547,6.6494,-2.2725,1.8383
1.22,-0.0569,-0.0038,0.0143,6.6152,-2.2876,1.8692,6.6721,-2.2838,1.855
1.23,-0.056,-0.0013,0.0127,6.6219,-2.2977,1.8838,6.6779,-2.2964,1.8711
1.24,-0.0584,-0.0033,0.0093,6.6217,-2.3122,1.8983,6.6801,-2.3088,1.889
1.25,-0.0586,0.0001,0.0143,6.6206,-2.3295,1.9128,6.6792,-2.3296,1.8986
1.26,-0.0549,-0.0015,0.0156,6.6193,-2.3429,1.9273,6.6742,-2.3415,1.9117
1.27,-0.0555,0.0003,0.0149,6.6292,-2.3629,1.9418,6.6847,-2.3632,1.9269
1.28,-0.0581,-0.0017,0.0168,6.6433,-2.3806,1.9562,6.7013,-2.3789,1.9394
1.29,-0.0635,0.0019,0.0202,6.6486,-2.3939,1.9707,6.7121,-2.3959,1.9505
1.3,-0.0605,-0.0001,0.023,6.6608,-2.4011,1.9851,6.7212,-2.401,1.9621
1.31,-0.058,-0.0038,0.0271,6.674,-2.4238,1.9995,6.732,-2.42,1.9724
1.32,-0.0575,-0.0021,0.0308,6.6773,-2.4372,2.0139,6.7349,-2.4351,1.983
1.33,-0.0595,0,0.03,6.6722,-2.4564,2.0282,6.7317,-2.4564,1.9982
1.34,-0.0581,-0.0003,0.0305,6.6714,-2.4745,2.0426,6.7295,-2.4742,2.012
1.35,-0.059,-0.0023,0.0267,6.6839,-2.5062,2.0569,6.7429,-2.5038,2.0301
1.36,-0.0613,0.002,0.0252,6.6823,-2.5179,2.0712,6.7436,-2.5199,2.046
1.37,-0.0602,-0.0037,0.0234,6.6799,-2.5368,2.0854,6.7401,-2.5331,2.062
1.38,-0.0602,-0.0011,0.0223,6.6875,-2.5562,2.0997,6.7477,-2.5551,2.0774
1.39,-0.0576,0.0005,0.0228,6.6831,-2.5751,2.1139,6.7407,-2.5756,2.0911
1.4,-0.058,0.0051,0.0238,6.6855,-2.5933,2.1281,6.7434,-2.5984,2.1043
1.41,-0.0593,0.0067,0.0207,6.6815,-2.6029,2.1423,6.7408,-2.6096,2.1216
1.42,-0.0607,0.0131,0.0185,6.6815,-2.6161,2.1565,6.7422,-2.6293,2.1381
1.43,-0.0586,0.01,0.0179,6.6828,-2.6345,2.1707,6.7414,-2.6444,2.1527
1.44,-0.0563,0.0142,0.0185,6.6724,-2.648,2.1848,6.7287,-2.6622,2.1663
1.45,-0.0578,0.0161,0.0164,6.6775,-2.6601,2.1989,6.7353,-2.6762,2.1825
1.46,-0.0569,0.0174,0.0146,6.677,-2.6744,2.213,6.734,-2.6919,2.1984
1.47,-0.0589,0.019,0.0134,6.6695,-2.6869,2.227,6.7284,-2.7059,2.2136
1.48,-0.0672,0.018,0.0136,6.6761,-2.6897,2.2411,6.7433,-2.7077,2.2274
1.49,-0.0717,0.016,0.0121,6.6676,-2.7025,2.2551,6.7392,-2.7186,2.243
1.5,-0.0711,0.0201,0.0139,6.6704,-2.7195,2.2691,6.7415,-2.7396,2.2552
1.51,-0.0687,0.0261,0.0116,6.6689,-2.7332,2.2831,6.7376,-2.7594,2.2715
1.52,-0.0684,0.0262,0.0108,6.6644,-2.7466,2.297,6.7327,-2.7727,2.2862
1.53,-0.0715,0.0266,0.0095,6.6612,-2.7601,2.3109,6.7327,-2.7867,2.3015
1.54,-0.0755,0.03,0.0096,6.6605,-2.7739,2.3249,6.736,-2.8039,2.3153
1.55,-0.0772,0.0316,0.009,6.6505,-2.7907,2.3387,6.7278,-2.8223,2.3297
1.56,-0.0711,0.0287,0.0099,6.6566,-2.812,2.3526,6.7278,-2.8408,2.3427
1.57,-0.0652,0.0293,0.0122,6.6503,-2.8329,2.3664,6.7155,-2.8622,2.3543
1.58,-0.0665,0.0321,0.0094,6.6377,-2.8507,2.3802,6.7042,-2.8828,2.3708
1.59,-0.0696,0.03,0.015,6.6332,-2.8639,2.394,6.7028,-2.8939,2.3791
1.6,-0.0683,0.03,0.0162,6.622,-2.8719,2.4078,6.6903,-2.9019,2.3916
1.61,-0.0684,0.0328,0.0129,6.6098,-2.8874,2.4215,6.6782,-2.9201,2.4087
1.62,-0.0631,0.0293,0.008,6.6032,-2.8995,2.4353,6.6663,-2.9288,2.4273
1.63,-0.066,0.0307,0.0051,6.6021,-2.9131,2.4489,6.6681,-2.9438,2.4438
1.64,-0.0632,0.0313,0.0025,6.5894,-2.9335,2.4626,6.6526,-2.9649,2.4601
1.65,-0.0627,0.0259,0.0042,6.5856,-2.95,2.4763,6.6484,-2.9759,2.4721
1.66,-0.062,0.0299,0.0061,6.5756,-2.9744,2.4899,6.6376,-3.0042,2.4837
1.67,-0.0624,0.0279,0.0098,6.5733,-2.9919,2.5035,6.6357,-3.0198,2.4937
1.68,-0.0671,0.0289,0.0158,6.5629,-3.0015,2.517,6.63,-3.0304,2.5013
1.69,-0.0629,0.0309,0.0152,6.543,-3.0163,2.5306,6.606,-3.0471,2.5154
1.7,-0.0597,0.0329,0.0171,6.5339,-3.0214,2.5441,6.5936,-3.0542,2.527
1.71,-0.0596,0.0304,0.0167,6.5213,-3.035,2.5576,6.5809,-3.0654,2.541
1.72,-0.063,0.0273,0.0176,6.512,-3.0521,2.5711,6.575,-3.0794,2.5535
1.73,-0.063,0.0316,0.0175,6.5095,-3.0703,2.5845,6.5725,-3.1018,2.567
1.74,-0.0661,0.0361,0.0155,6.496,-3.0829,2.5979,6.5621,-3.119,2.5824
1.75,-0.0725,0.0283,0.0192,6.4949,-3.0933,2.6113,6.5674,-3.1216,2.5922
1.76,-0.0705,0.032,0.0162,6.4877,-3.1035,2.6247,6.5582,-3.1355,2.6085
1.77,-0.0699,0.0319,0.0171,6.4646,-3.1144,2.638,6.5345,-3.1462,2.6209
1.78,-0.0699,0.0331,0.0205,6.4552,-3.1253,2.6514,6.5252,-3.1584,2.6308
1.79,-0.0707,0.0314,0.0204,6.4441,-3.133,2.6646,6.5148,-3.1644,2.6443
1.8,-0.0725,0.0298,0.0232,6.433,-3.146,2.6779,6.5054,-3.1758,2.6548
1.81,-0.0719,0.0269,0.0227,6.4217,-3.1591,2.6911,6.4935,-3.186,2.6684
1.82,-0.0681,0.0264,0.023,6.4145,-3.1748,2.7044,6.4826,-3.2012,2.6814
1.83,-0.0667,0.0189,0.0226,6.3932,-3.1931,2.7175,6.4599,-3.212,2.695
1.84,-0.0664,0.0144,0.0234,6.3822,-3.212,2.7307,6.4486,-3.2264,2.7073
1.85,-0.0653,0.0167,0.024,6.3734,-3.2268,2.7438,6.4387,-3.2435,2.7198
1.86,-0.0689,0.0166,0.0224,6.3489,-3.2332,2.7569,6.4178,-3.2499,2.7345
1.87,-0.0686,0.0153,0.0217,6.335,-3.2501,2.77,6.4037,-3.2655,2.7483
1.88,-0.0697,0.0108,0.0253,6.3249,-3.2624,2.783,6.3946,-3.2733,2.7577
1.89,-0.0711,0.0043,0.0261,6.3103,-3.2653,2.7961,6.3814,-3.2695,2.77
1.9,-0.0737,0.0052,0.0294,6.285,-3.2845,2.8091,6.3586,-3.2897,2.7797
1.91,-0.0734,0.0036,0.0318,6.266,-3.3055,2.822,6.3394,-3.3091,2.7902
1.92,-0.0734,0.0066,0.0365,6.2529,-3.326,2.835,6.3262,-3.3326,2.7984
1.93,-0.0739,0.0098,0.0369,6.2245,-3.3348,2.8479,6.2983,-3.3446,2.8109
1.94,-0.0715,0.0104,0.0402,6.2116,-3.3655,2.8607,6.2831,-3.3758,2.8205
1.95,-0.0721,0.0133,0.0413,6.1997,-3.3826,2.8736,6.2718,-3.3959,2.8323
1.96,-0.0737,0.0132,0.0436,6.1847,-3.3935,2.8864,6.2584,-3.4067,2.8428
1.97,-0.0772,0.0114,0.0465,6.168,-3.4116,2.8992,6.2453,-3.423,2.8527
1.98,-0.0733,0.0138,0.0449,6.1493,-3.4378,2.912,6.2226,-3.4517,2.8671
1.99,-0.068,0.0175,0.0424,6.1436,-3.4571,2.9247,6.2116,-3.4746,2.8823
2,-0.0672,0.022,0.0393,6.1164,-3.4731,2.9374,6.1836,-3.4951,2.8981
2.01,-0.0722,0.02,0.0416,6.0976,-3.5002,2.9501,6.1698,-3.5202,2.9085
2.02,-0.0706,0.0278,0.0371,6.0784,-3.5076,2.9628,6.149,-3.5354,2.9257
2.03,-0.0638,0.0256,0.0335,6.0594,-3.5221,2.9754,6.1232,-3.5477,2.9419
2.04,-0.0614,0.024,0.0343,6.046,-3.54,2.988,6.1074,-3.564,2.9536
2.05,-0.0619,0.0292,0.0361,6.0314,-3.5652,3.0005,6.0933,-3.5944,2.9644
2.06,-0.0559,0.0292,0.0402,6.0098,-3.5762,3.0131,6.0658,-3.6053,2.9729
2.07,-0.0541,0.0286,0.0386,5.9871,-3.5814,3.0256,6.0412,-3.61,2.9869
2.08,-0.0566,0.0291,0.0384,5.9763,-3.5936,3.038,6.0329,-3.6227,2.9996
2.09,-0.0546,0.0304,0.0397,5.9565,-3.6215,3.0505,6.0111,-3.6519,3.0108
2.1,-0.0465,0.0329,0.0374,5.9257,-3.6354,3.0629,5.9722,-3.6683,3.0255
2.11,-0.0458,0.0342,0.0368,5.9028,-3.651,3.0753,5.9486,-3.6853,3.0384
2.12,-0.0477,0.033,0.0333,5.886,-3.669,3.0876,5.9337,-3.7021,3.0544
2.13,-0.0451,0.0307,0.033,5.8522,-3.6792,3.0999,5.8973,-3.71,3.067
2.14,-0.0483,0.0305,0.0311,5.8181,-3.6842,3.1122,5.8664,-3.7147,3.0811
2.15,-0.0449,0.0261,0.0301,5.7959,-3.6881,3.1245,5.8408,-3.7141,3.0944
2.16,-0.0478,0.0274,0.0314,5.7765,-3.7082,3.1367,5.8243,-3.7356,3.1053
2.17,-0.0504,0.0254,0.0296,5.7507,-3.7228,3.1489,5.8011,-3.7481,3.1193
2.18,-0.0478,0.0192,0.0296,5.7339,-3.7357,3.1611,5.7817,-3.7549,3.1315
2.19,-0.0485,0.0207,0.0306,5.7137,-3.7485,3.1732,5.7623,-3.7692,3.1426
2.2,-0.047,0.0208,0.0306,5.6925,-3.7615,3.1853,5.7394,-3.7823,3.1547
2.21,-0.0463,0.019,0.0304,5.684,-3.7724,3.1974,5.7303,-3.7914,3.167
2.22,-0.05,0.0127,0.0347,5.6639,-3.7813,3.2094,5.7139,-3.7939,3.1747
2.23,-0.0568,0.0113,0.0357,5.6489,-3.8034,3.2214,5.7057,-3.8147,3.1858
2.24,-0.0571,0.0166,0.0339,5.6198,-3.8167,3.2334,5.6768,-3.8333,3.1995
2.25,-0.0612,0.0145,0.0336,5.5939,-3.8211,3.2454,5.6551,-3.8356,3.2117
2.26,-0.0626,0.0079,0.031,5.5727,-3.831,3.2573,5.6353,-3.8389,3.2262
2.27,-0.0667,0.0079,0.034,5.5389,-3.8403,3.2691,5.6055,-3.8482,3.2351
2.28,-0.0604,0.0092,0.0305,5.5143,-3.848,3.281,5.5747,-3.8572,3.2505
2.29,-0.0582,0.011,0.031,5.4973,-3.8602,3.2928,5.5555,-3.8712,3.2618
2.3,-0.0582,0.0161,0.0297,5.4732,-3.869,3.3046,5.5314,-3.885,3.2749
2.31,-0.0575,0.0091,0.0257,5.4531,-3.8765,3.3163,5.5106,-3.8856,3.2907
2.32,-0.0516,0.0102,0.0291,5.4268,-3.8906,3.3281,5.4784,-3.9008,3.2989
2.33,-0.0573,0.009,0.0306,5.4037,-3.9118,3.3397,5.461,-3.9209,3.3092
2.34,-0.0553,0.0073,0.0347,5.3807,-3.9201,3.3514,5.4361,-3.9274,3.3167
2.35,-0.0563,0.0027,0.0334,5.3547,-3.9386,3.363,5.411,-3.9413,3.3296
2.36,-0.0524,0.0045,0.0317,5.3352,-3.9531,3.3746,5.3876,-3.9576,3.3429
2.37,-0.0483,0.0084,0.032,5.3119,-3.9614,3.3862,5.3603,-3.9698,3.3541
2.38,-0.047,0.0081,0.0312,5.2892,-3.9676,3.3977,5.3362,-3.9757,3.3665
2.39,-0.0488,0.0102,0.0319,5.2678,-3.9829,3.4092,5.3165,-3.9931,3.3773
2.4,-0.0498,0.0085,0.03,5.2501,-3.9921,3.4206,5.2999,-4.0006,3.3906
2.41,-0.0519,0.0074,0.03,5.2227,-4.0148,3.432,5.2746,-4.0222,3.4021
2.42,-0.0525,0.0059,0.0295,5.1865,-4.03,3.4434,5.239,-4.0359,3.4139
2.43,-0.0539,0.0061,0.0288,5.1619,-4.037,3.4548,5.2159,-4.0431,3.4259
2.44,-0.0605,0.0051,0.0282,5.1374,-4.0455,3.4661,5.1979,-4.0506,3.4378
2.45,-0.0582,-0.0001,0.0261,5.1009,-4.0557,3.4773,5.1591,-4.0556,3.4512
2.46,-0.0538,0.0049,0.0257,5.0843,-4.0713,3.4886,5.1381,-4.0762,3.4629
2.47,-0.0506,0.0083,0.0252,5.0644,-4.0864,3.4998,5.115,-4.0947,3.4746
2.48,-0.0474,0.012,0.0254,5.0378,-4.1141,3.511,5.0852,-4.1261,3.4856
2.49,-0.0449,0.0099,0.027,5.0216,-4.1231,3.5221,5.0665,-4.133,3.4951
2.5,-0.0431,0.0124,0.0232,4.9904,-4.1342,3.5332,5.0335,-4.1465,3.51
2.51,-0.0393,0.0116,0.0222,4.9609,-4.1432,3.5443,5.0002,-4.1547,3.5221
2.52,-0.0382,0.0119,0.0229,4.9396,-4.1457,3.5553,4.9779,-4.1576,3.5324
2.53,-0.036,0.0097,0.0224,4.9096,-4.1607,3.5663,4.9456,-4.1704,3.5439
2.54,-0.0339,0.0128,0.0235,4.882,-4.1777,3.5773,4.9158,-4.1905,3.5538
2.55,-0.0355,0.0176,0.0252,4.8545,-4.1863,3.5882,4.8901,-4.204,3.563
2.56,-0.0338,0.0169,0.0259,4.8337,-4.1927,3.5991,4.8675,-4.2096,3.5732
2.57,-0.0321,0.0137,0.0272,4.8003,-4.1875,3.61,4.8324,-4.2013,3.5828
2.58,-0.0337,0.0075,0.0271,4.7752,-4.1949,3.6208,4.8089,-4.2025,3.5938
2.59,-0.0366,0.0047,0.0276,4.7575,-4.2131,3.6316,4.7942,-4.2178,3.604
2.6,-0.035,0.0009,0.0252,4.7335,-4.2238,3.6424,4.7685,-4.2247,3.6171
2.61,-0.0358,0.002,0.0216,4.7073,-4.225,3.6531,4.743,-4.227,3.6315
2.62,-0.0383,0.0059,0.0209,4.6782,-4.2275,3.6638,4.7165,-4.2334,3.6428
2.63,-0.0323,0.005,0.0224,4.6547,-4.2361,3.6744,4.6869,-4.241,3.652
2.64,-0.0379,0.0039,0.0239,4.6382,-4.2447,3.685,4.6761,-4.2486,3.6611
2.65,-0.0395,0.0039,0.0269,4.6146,-4.2599,3.6956,4.6541,-4.2638,3.6687
2.66,-0.0401,0.0024,0.0281,4.5994,-4.2688,3.7061,4.6395,-4.2713,3.6781
2.67,-0.0431,0.0097,0.0299,4.5711,-4.271,3.7166,4.6142,-4.2807,3.6868
2.68,-0.0411,0.0094,0.0325,4.5583,-4.2877,3.7271,4.5995,-4.2971,3.6946
2.69,-0.0422,0.0146,0.0304,4.5383,-4.2903,3.7375,4.5805,-4.3049,3.7071
2.7,-0.0331,0.013,0.0285,4.5119,-4.2914,3.7479,4.545,-4.3043,3.7194
2.71,-0.0307,0.0138,0.028,4.4817,-4.2875,3.7582,4.5124,-4.3013,3.7302
2.72,-0.0332,0.012,0.0301,4.4512,-4.3053,3.7686,4.4844,-4.3173,3.7385
2.73,-0.0345,0.0193,0.0316,4.4197,-4.3193,3.7788,4.4542,-4.3387,3.7472
2.74,-0.0349,0.0144,0.0327,4.4035,-4.3261,3.7891,4.4384,-4.3405,3.7564
2.75,-0.0393,0.016,0.0356,4.3864,-4.3296,3.7993,4.4256,-4.3457,3.7637
2.76,-0.0452,0.018,0.0367,4.3629,-4.3327,3.8094,4.408,-4.3507,3.7727
2.77,-0.0478,0.0234,0.0386,4.352,-4.3456,3.8196,4.3998,-4.369,3.7809
2.78,-0.0554,0.0193,0.0399,4.3156,-4.3597,3.8297,4.371,-4.379,3.7897
2.79,-0.0565,0.0226,0.0373,4.2915,-4.3617,3.8397,4.348,-4.3844,3.8024
2.8,-0.053,0.0222,0.0386,4.2677,-4.359,3.8497,4.3207,-4.3812,3.8112
2.81,-0.0545,0.0267,0.038,4.2353,-4.3749,3.8597,4.2898,-4.4015,3.8216
2.82,-0.0539,0.0315,0.0363,4.2151,-4.3758,3.8696,4.2689,-4.4073,3.8333
2.83,-0.0593,0.0291,0.0373,4.19,-4.3898,3.8795,4.2493,-4.4189,3.8422
2.84,-0.0577,0.0283,0.0354,4.1678,-4.3923,3.8894,4.2255,-4.4206,3.854
2.85,-0.0615,0.0262,0.0372,4.1421,-4.3954,3.8992,4.2036,-4.4216,3.862
2.86,-0.0638,0.0245,0.0376,4.1252,-4.4013,3.909,4.189,-4.4258,3.8714
2.87,-0.066,0.0229,0.0412,4.1028,-4.4011,3.9187,4.1688,-4.4239,3.8775
2.88,-0.0697,0.025,0.0426,4.0908,-4.4188,3.9284,4.1605,-4.4438,3.8859
2.89,-0.0729,0.0312,0.042,4.0642,-4.4153,3.9381,4.137,-4.4465,3.8961
2.9,-0.0766,0.0295,0.0381,4.0439,-4.4236,3.9477,4.1205,-4.4531,3.9096
2.91,-0.0825,0.0288,0.0373,4.0218,-4.4213,3.9573,4.1043,-4.4501,3.92
2.92,-0.0794,0.0302,0.035,3.9983,-4.4278,3.9669,4.0777,-4.458,3.9319
2.93,-0.0778,0.0313,0.038,3.9811,-4.434,3.9764,4.0589,-4.4653,3.9383
2.94,-0.0776,0.033,0.0404,3.9459,-4.4417,3.9859,4.0236,-4.4747,3.9454
2.95,-0.0797,0.0324,0.0397,3.9232,-4.4446,3.9953,4.0029,-4.477,3.9556
2.96,-0.0835,0.0326,0.0375,3.9047,-4.4483,4.0047,3.9882,-4.4809,3.9671
2.97,-0.0833,0.033,0.0377,3.8872,-4.4595,4.014,3.9705,-4.4925,3.9763
2.98,-0.0795,0.0305,0.0368,3.8647,-4.4623,4.0233,3.9442,-4.4927,3.9865
2.99,-0.0769,0.032,0.034,3.8538,-4.4607,4.0326,3.9307,-4.4927,3.9986
3,-0.0723,0.0328,0.0332,3.8364,-4.4615,4.0418,3.9088,-4.4943,4.0086
3.01,-0.0753,0.0317,0.0315,3.8085,-4.458,4.051,3.8838,-4.4897,4.0196
3.02,-0.0766,0.0322,0.0336,3.7879,-4.4701,4.0602,3.8645,-4.5023,4.0266
3.03,-0.0766,0.0306,0.0321,3.7786,-4.492,4.0693,3.8552,-4.5226,4.0372
3.04,-0.0826,0.0361,0.0323,3.7533,-4.4958,4.0784,3.836,-4.532,4.0461
3.05,-0.0804,0.0369,0.0334,3.7287,-4.5026,4.0874,3.8091,-4.5396,4.054
3.06,-0.0777,0.0325,0.0339,3.7136,-4.5019,4.0964,3.7913,-4.5344,4.0625
3.07,-0.0742,0.0314,0.0327,3.7035,-4.5092,4.1054,3.7777,-4.5406,4.0726
3.08,-0.0719,0.0291,0.0369,3.6889,-4.513,4.1143,3.7607,-4.5421,4.0774
3.09,-0.0714,0.0294,0.0367,3.6695,-4.5208,4.1231,3.7409,-4.5503,4.0865
3.1,-0.072,0.0281,0.0347,3.651,-4.5195,4.132,3.723,-4.5476,4.0973
3.11,-0.0765,0.0274,0.0339,3.6321,-4.5137,4.1407,3.7087,-4.541,4.1068
3.12,-0.0761,0.0316,0.0278,3.61,-4.5065,4.1495,3.6862,-4.5382,4.1217
3.13,-0.0725,0.0333,0.0278,3.5943,-4.5108,4.1582,3.6669,-4.5441,4.1304
3.14,-0.0753,0.0324,0.026,3.5827,-4.5113,4.1669,3.658,-4.5438,4.1408
3.15,-0.0745,0.0322,0.025,3.5554,-4.5101,4.1755,3.6299,-4.5423,4.1505
3.16,-0.0755,0.0331,0.0275,3.5456,-4.5207,4.1841,3.6211,-4.5538,4.1566
3.17,-0.0728,0.04,0.0291,3.529,-4.5285,4.1926,3.6018,-4.5685,4.1635
3.18,-0.072,0.042,0.0258,3.5215,-4.5352,4.2011,3.5935,-4.5773,4.1753
3.19,-0.0715,0.0378,0.031,3.504,-4.5352,4.2096,3.5755,-4.5731,4.1786
3.2,-0.0755,0.0382,0.0316,3.4816,-4.5487,4.218,3.5571,-4.5869,4.1864
3.21,-0.0701,0.0357,0.0293,3.466,-4.5508,4.2264,3.5361,-4.5865,4.1971
3.22,-0.0694,0.0311,0.0315,3.441,-4.5611,4.2347,3.5104,-4.5922,4.2032
3.23,-0.07,0.0312,0.0295,3.4196,-4.5683,4.243,3.4896,-4.5995,4.2135
3.24,-0.0686,0.0322,0.0246,3.408,-4.5711,4.2512,3.4765,-4.6033,4.2266
3.25,-0.0687,0.0291,0.0256,3.3961,-4.5619,4.2594,3.4648,-4.5911,4.2339
3.26,-0.0687,0.0253,0.0246,3.3806,-4.561,4.2676,3.4493,-4.5864,4.243
3.27,-0.0686,0.0275,0.0265,3.3623,-4.5609,4.2757,3.4309,-4.5884,4.2493
3.28,-0.0703,0.0319,0.026,3.3469,-4.5544,4.2838,3.4171,-4.5863,4.2578
3.29,-0.0728,0.029,0.0268,3.3352,-4.5513,4.2919,3.408,-4.5802,4.265
3.3,-0.0685,0.0297,0.0296,3.3106,-4.5469,4.2999,3.3791,-4.5766,4.2702
3.31,-0.0695,0.0303,0.0284,3.3026,-4.5446,4.3078,3.372,-4.5748,4.2795
3.32,-0.069,0.0253,0.0292,3.2975,-4.5441,4.3157,3.3665,-4.5694,4.2865
3.33,-0.0694,0.025,0.0301,3.2876,-4.5484,4.3236,3.357,-4.5735,4.2934
3.34,-0.066,0.0278,0.0315,3.2842,-4.5405,4.3314,3.3502,-4.5683,4.2999
3.35,-0.0638,0.0325,0.0336,3.2758,-4.5333,4.3392,3.3395,-4.5659,4.3056
3.36,-0.0637,0.0299,0.0342,3.282,-4.5283,4.3469,3.3457,-4.5582,4.3127
3.37,-0.0619,0.0305,0.0374,3.2716,-4.5185,4.3546,3.3335,-4.5489,4.3173
3.38,-0.0596,0.0313,0.0382,3.2652,-4.5186,4.3623,3.3248,-4.5499,4.3241
3.39,-0.0562,0.0289,0.0383,3.2557,-4.5206,4.3699,3.3119,-4.5495,4.3316
3.4,-0.0594,0.0288,0.0399,3.2447,-4.518,4.3775,3.3041,-4.5469,4.3375
3.41,-0.0551,0.028,0.0388,3.2344,-4.5069,4.385,3.2894,-4.5348,4.3462
3.42,-0.0538,0.0244,0.0378,3.2285,-4.5059,4.3925,3.2823,-4.5303,4.3547
3.43,-0.0518,0.0245,0.0348,3.2218,-4.499,4.3999,3.2735,-4.5236,4.3651
3.44,-0.0545,0.024,0.0356,3.2049,-4.5031,4.4073,3.2594,-4.5271,4.3717
3.45,-0.059,0.0277,0.0342,3.2011,-4.5021,4.4146,3.26,-4.5298,4.3805
3.46,-0.0574,0.0253,0.0371,3.1867,-4.497,4.422,3.2441,-4.5224,4.3848
3.47,-0.0582,0.0276,0.0359,3.1778,-4.4958,4.4292,3.236,-4.5234,4.3933
3.48,-0.06,0.0278,0.0352,3.164,-4.4939,4.4364,3.224,-4.5217,4.4012
3.49,-0.061,0.0271,0.0381,3.1503,-4.4921,4.4436,3.2113,-4.5192,4.4055
3.5,-0.0558,0.032,0.0422,3.1447,-4.4943,4.4507,3.2006,-4.5263,4.4085
3.51,-0.0559,0.0301,0.0419,3.1337,-4.483,4.4578,3.1896,-4.5131,4.416
3.52,-0.0614,0.0298,0.0403,3.1275,-4.4756,4.4649,3.1889,-4.5054,4.4246
3.53,-0.061,0.0314,0.0411,3.1125,-4.474,4.4719,3.1735,-4.5054,4.4308
3.54,-0.0556,0.0291,0.0383,3.1019,-4.4714,4.4788,3.1575,-4.5005,4.4405
3.55,-0.0571,0.0277,0.0382,3.0966,-4.4701,4.4857,3.1537,-4.4978,4.4475
3.56,-0.0593,0.029,0.0379,3.0899,-4.4745,4.4926,3.1493,-4.5035,4.4547
3.57,-0.0587,0.025,0.0371,3.0858,-4.4723,4.4994,3.1445,-4.4973,4.4623
3.58,-0.0636,0.0245,0.0358,3.0702,-4.4725,4.5062,3.1338,-4.497,4.4704
3.59,-0.064,0.0225,0.0334,3.0622,-4.4712,4.5129,3.1262,-4.4938,4.4796
3.6,-0.0655,0.0231,0.0346,3.0569,-4.4627,4.5196,3.1223,-4.4858,4.485
3.61,-0.0684,0.0238,0.0336,3.0466,-4.4678,4.5263,3.1151,-4.4916,4.4927
3.62,-0.0692,0.0232,0.0339,3.0435,-4.4612,4.5329,3.1127,-4.4845,4.499
3.63,-0.0675,0.0248,0.0368,3.0414,-4.4612,4.5394,3.1089,-4.4861,4.5026
3.64,-0.0629,0.0224,0.0379,3.0408,-4.456,4.5459,3.1037,-4.4784,4.5081
3.65,-0.0627,0.0213,0.0347,3.047,-4.4531,4.5524,3.1097,-4.4744,4.5177
3.66,-0.0639,0.0212,0.0332,3.0458,-4.4559,4.5588,3.1097,-4.4772,4.5256
3.67,-0.0698,0.02,0.0324,3.0393,-4.4454,4.5652,3.109,-4.4654,4.5328
3.68,-0.0737,0.0113,0.0325,3.0428,-4.4468,4.5715,3.1164,-4.4582,4.539
3.69,-0.0726,0.0054,0.0333,3.0438,-4.4398,4.5778,3.1163,-4.4452,4.5445
3.7,-0.0759,0.0068,0.0374,3.0415,-4.4238,4.584,3.1173,-4.4306,4.5467
3.71,-0.0743,0.0102,0.0352,3.043,-4.4068,4.5902,3.1173,-4.4169,4.555
3.72,-0.0715,0.0111,0.0348,3.0442,-4.4127,4.5964,3.1157,-4.4238,4.5616
3.73,-0.0743,0.0116,0.0314,3.0459,-4.4156,4.6025,3.1202,-4.4272,4.5711
3.74,-0.0703,0.0127,0.0295,3.0393,-4.4065,4.6085,3.1096,-4.4192,4.579
3.75,-0.0701,0.0181,0.0272,3.0432,-4.3957,4.6145,3.1132,-4.4138,4.5874
3.76,-0.0686,0.0227,0.0252,3.0462,-4.3882,4.6205,3.1148,-4.4109,4.5953
3.77,-0.073,0.0218,0.0244,3.0443,-4.3832,4.6264,3.1173,-4.405,4.602
3.78,-0.0727,0.0241,0.0234,3.0502,-4.3762,4.6323,3.1229,-4.4004,4.6089
3.79,-0.0768,0.0221,0.024,3.0519,-4.3623,4.6381,3.1287,-4.3844,4.6141
3.8,-0.0763,0.0215,0.0195,3.0566,-4.3602,4.6439,3.1329,-4.3816,4.6244
3.81,-0.0794,0.0183,0.0185,3.0512,-4.3607,4.6497,3.1305,-4.379,4.6312
3.82,-0.0793,0.0162,0.0162,3.0525,-4.3569,4.6553,3.1318,-4.373,4.6392
3.83,-0.0772,0.0154,0.0139,3.0422,-4.3422,4.661,3.1195,-4.3576,4.6471
3.84,-0.0661,0.0147,0.0143,3.0444,-4.3359,4.6666,3.1105,-4.3507,4.6523
3.85,-0.0577,0.0182,0.0158,3.0457,-4.324,4.6721,3.1034,-4.3422,4.6564
3.86,-0.0588,0.0123,0.0178,3.052,-4.3177,4.6776,3.1108,-4.33,4.6598
3.87,-0.0537,0.0082,0.0167,3.0504,-4.3104,4.6831,3.1042,-4.3186,4.6664
3.88,-0.0568,0.0051,0.0196,3.0546,-4.3092,4.6885,3.1114,-4.3142,4.6689
3.89,-0.0536,0.0076,0.0202,3.054,-4.3096,4.6939,3.1076,-4.3172,4.6737
3.9,-0.0563,0.0065,0.0191,3.0543,-4.2959,4.6992,3.1106,-4.3024,4.6801
3.91,-0.0545,0.0058,0.0197,3.0567,-4.2859,4.7045,3.1112,-4.2917,4.6848
3.92,-0.0569,0.0064,0.022,3.0597,-4.2779,4.7097,3.1166,-4.2842,4.6877
3.93,-0.056,0.0091,0.0228,3.0712,-4.2664,4.7149,3.1272,-4.2754,4.6921
3.94,-0.054,0.0052,0.0219,3.0817,-4.2541,4.72,3.1357,-4.2593,4.6981
3.95,-0.0557,0.0071,0.0225,3.0899,-4.2481,4.7251,3.1456,-4.2552,4.7026
3.96,-0.0501,0.0034,0.0243,3.0965,-4.2329,4.7302,3.1466,-4.2363,4.7058
3.97,-0.0445,0.0055,0.0229,3.1057,-4.2289,4.7351,3.1503,-4.2344,4.7123
3.98,-0.046,0.0031,0.0257,3.1196,-4.2205,4.7401,3.1656,-4.2236,4.7144
3.99,-0.0465,0.0015,0.0241,3.1301,-4.2071,4.745,3.1765,-4.2086,4.7209
4,-0.0452,0.001,0.0245,3.1368,-4.1971,4.7499,3.182,-4.1981,4.7254
4.01,-0.0476,0.0053,0.0256,3.1375,-4.1838,4.7547,3.1851,-4.1892,4.729
4.02,-0.0423,0.0027,0.0282,3.1315,-4.179,4.7594,3.1737,-4.1817,4.7312
4.03,-0.0417,-0.0008,0.0272,3.1465,-4.1716,4.7641,3.1882,-4.1707,4.737
4.04,-0.0399,0.001,0.0302,3.1673,-4.1736,4.7688,3.2072,-4.1746,4.7386
4.05,-0.0381,-0.0009,0.0299,3.177,-4.1621,4.7734,3.2151,-4.1613,4.7435
4.06,-0.0376,-0.0013,0.0311,3.1835,-4.1619,4.778,3.2211,-4.1606,4.7469
4.07,-0.0399,0.003,0.0312,3.1957,-4.1563,4.7825,3.2356,-4.1593,4.7513
4.08,-0.0349,0.0033,0.0344,3.202,-4.1458,4.787,3.2369,-4.1491,4.7525
4.09,-0.038,0.0021,0.0324,3.1941,-4.1311,4.7914,3.232,-4.1332,4.759
4.1,-0.0338,0.0025,0.0355,3.2013,-4.1183,4.7958,3.2351,-4.1207,4.7603
4.11,-0.0332,0.0019,0.0365,3.2105,-4.1014,4.8001,3.2438,-4.1033,4.7636
4.12,-0.0309,0.0044,0.0349,3.2206,-4.0927,4.8044,3.2515,-4.0972,4.7695
4.13,-0.0379,0.0052,0.0371,3.2307,-4.0756,4.8087,3.2686,-4.0807,4.7715
4.14,-0.0375,0.0054,0.0351,3.2355,-4.0628,4.8129,3.2729,-4.0682,4.7777
4.15,-0.0353,0.0082,0.032,3.2509,-4.0574,4.817,3.2861,-4.0655,4.785
4.16,-0.0412,0.0131,0.0316,3.2781,-4.0547,4.8211,3.3194,-4.0678,4.7895
4.17,-0.0436,0.012,0.0318,3.2844,-4.0507,4.8251,3.3279,-4.0627,4.7934
4.18,-0.0455,0.0083,0.0295,3.2851,-4.0435,4.8292,3.3307,-4.0518,4.7996
4.19,-0.046,0.0073,0.0315,3.2863,-4.0379,4.8331,3.3323,-4.0452,4.8016
4.2,-0.0447,0.0085,0.0308,3.3102,-4.0283,4.837,3.3549,-4.0368,4.8062
4.21,-0.0429,0.0055,0.0265,3.3297,-4.0268,4.8409,3.3727,-4.0323,4.8143
4.22,-0.043,0.008,0.0239,3.3479,-4.008,4.8447,3.3909,-4.016,4.8207
4.23,-0.0444,0.0085,0.0262,3.3809,-3.9986,4.8484,3.4252,-4.0071,4.8222
4.24,-0.0385,0.0119,0.0264,3.3917,-3.9893,4.8522,3.4302,-4.0012,4.8257
4.25,-0.0324,0.0112,0.0241,3.4139,-3.9802,4.8558,3.4462,-3.9914,4.8318
4.26,-0.0341,0.011,0.0226,3.4161,-3.9627,4.8594,3.4502,-3.9737,4.8368
4.27,-0.0361,0.0148,0.0229,3.4322,-3.9542,4.863,3.4683,-3.969,4.8401
4.28,-0.0363,0.0076,0.0203,3.4459,-3.9366,4.8665,3.4822,-3.9442,4.8462
4.29,-0.0321,0.0085,0.0207,3.4579,-3.9261,4.87,3.4901,-3.9346,4.8494
4.3,-0.0294,0.0104,0.0237,3.4804,-3.9139,4.8734,3.5098,-3.9243,4.8498
4.31,-0.0323,0.0082,0.0237,3.4884,-3.8927,4.8768,3.5208,-3.9009,4.8531
4.32,-0.0326,0.0141,0.0224,3.5038,-3.8806,4.8801,3.5364,-3.8946,4.8577
4.33,-0.0339,0.0155,0.0231,3.5275,-3.8711,4.8834,3.5613,-3.8866,4.8604
4.34,-0.0355,0.0121,0.0217,3.5455,-3.8566,4.8867,3.581,-3.8686,4.865
4.35,-0.0362,0.011,0.0202,3.5642,-3.8496,4.8898,3.6004,-3.8606,4.8697
4.36,-0.0353,0.0088,0.0219,3.5907,-3.8433,4.893,3.626,-3.8521,4.8711
4.37,-0.038,0.0129,0.0203,3.606,-3.8223,4.8961,3.644,-3.8352,4.8758
4.38,-0.038,0.0122,0.0185,3.6104,-3.8129,4.8991,3.6483,-3.8251,4.8806
4.39,-0.0345,0.0138,0.018,3.632,-3.8012,4.9021,3.6665,-3.815,4.8841
4.4,-0.0391,0.0177,0.0165,3.6502,-3.7863,4.905,3.6893,-3.804,4.8886
4.41,-0.0386,0.0133,0.0145,3.6703,-3.7771,4.9079,3.7089,-3.7904,4.8934
4.42,-0.0403,0.022,0.0135,3.6965,-3.7601,4.9108,3.7368,-3.7822,4.8973
4.43,-0.0365,0.0274,0.013,3.7158,-3.7496,4.9136,3.7523,-3.777,4.9006
4.44,-0.0371,0.028,0.0131,3.7351,-3.7315,4.9163,3.7722,-3.7595,4.9032
4.45,-0.0379,0.03,0.0136,3.7517,-3.7219,4.919,3.7896,-3.7519,4.9055
4.46,-0.0374,0.0282,0.0105,3.7647,-3.7175,4.9217,3.8021,-3.7457,4.9112
4.47,-0.0391,0.0288,0.0111,3.7896,-3.706,4.9243,3.8288,-3.7348,4.9132
4.48,-0.0387,0.0355,0.0105,3.8107,-3.6974,4.9268,3.8495,-3.7329,4.9164
4.49,-0.0427,0.0423,0.0086,3.8356,-3.6863,4.9294,3.8783,-3.7286,4.9207
4.5,-0.0406,0.041,0.0058,3.8589,-3.6714,4.9318,3.8996,-3.7124,4.926
4.51,-0.0378,0.0469,0.0033,3.8874,-3.6493,4.9342,3.9251,-3.6962,4.931
4.52,-0.0357,0.0459,0.0041,3.9079,-3.639,4.9366,3.9436,-3.6849,4.9325
4.53,-0.0419,0.0433,0.0023,3.9294,-3.6268,4.9389,3.9713,-3.6701,4.9366
4.54,-0.0358,0.0466,0.0048,3.9397,-3.6196,4.9412,3.9756,-3.6662,4.9363
4.55,-0.042,0.0466,0.0057,3.96,-3.6047,4.9434,4.002,-3.6512,4.9377
4.56,-0.0398,0.0443,0.0023,3.9787,-3.59,4.9455,4.0185,-3.6343,4.9432
4.57,-0.0418,0.0437,0.0006,4.0048,-3.5805,4.9476,4.0466,-3.6242,4.947
4.58,-0.041,0.0437,0.0029,4.0343,-3.5611,4.9497,4.0753,-3.6048,4.9468
4.59,-0.0406,0.0476,0.0056,4.0535,-3.5564,4.9517,4.0942,-3.604,4.9462
4.6,-0.0391,0.0446,0.0007,4.0764,-3.5518,4.9537,4.1154,-3.5964,4.953
4.61,-0.0402,0.0428,0.0031,4.1095,-3.538,4.9556,4.1497,-3.5807,4.9526
4.62,-0.0391,0.0402,0.0009,4.1256,-3.5302,4.9575,4.1647,-3.5704,4.9565
4.63,-0.0445,0.0453,0.005,4.1518,-3.5189,4.9593,4.1963,-3.5641,4.9543
4.64,-0.0377,0.0435,0.0044,4.1821,-3.5088,4.9611,4.2198,-3.5523,4.9567
4.65,-0.0351,0.0437,0.0047,4.1978,-3.4942,4.9628,4.2329,-3.5379,4.9581
4.66,-0.0309,0.0438,0.0074,4.2095,-3.4806,4.9645,4.2404,-3.5244,4.9571
4.67,-0.0358,0.0445,0.0098,4.23,-3.4697,4.9661,4.2658,-3.5142,4.9563
4.68,-0.032,0.0438,0.0074,4.2582,-3.456,4.9677,4.2902,-3.4998,4.9603
4.69,-0.0321,0.0476,0.0048,4.2852,-3.4303,4.9692,4.3173,-3.4779,4.9644
4.7,-0.0402,0.0528,0.0071,4.3113,-3.4286,4.9707,4.3515,-3.4814,4.9636
4.71,-0.0415,0.0485,0.0069,4.3244,-3.4119,4.9721,4.3659,-3.4604,4.9652
4.72,-0.0404,0.0502,0.0083,4.3486,-3.4015,4.9735,4.3891,-3.4517,4.9652
4.73,-0.0349,0.0516,0.0091,4.3739,-3.3875,4.9748,4.4088,-3.4391,4.9657
4.74,-0.0334,0.0563,0.0105,4.3938,-3.3839,4.9761,4.4273,-3.4401,4.9656
4.75,-0.0378,0.0569,0.0091,4.4191,-3.3859,4.9773,4.4569,-3.4428,4.9682
4.76,-0.0351,0.0557,0.0074,4.4502,-3.3654,4.9785,4.4854,-3.4211,4.9711
4.77,-0.0381,0.0522,0.0028,4.4705,-3.3498,4.9797,4.5087,-3.402,4.9769
4.78,-0.0381,0.0528,0.0035,4.4927,-3.328,4.9807,4.5308,-3.3808,4.9773
4.79,-0.0397,0.0491,0.0094,4.529,-3.3123,4.9818,4.5688,-3.3614,4.9724
4.8,-0.045,0.0467,0.0074,4.5471,-3.2997,4.9828,4.5921,-3.3464,4.9754
4.81,-0.0415,0.0475,0.0079,4.5624,-3.2849,4.9837,4.6039,-3.3324,4.9758
4.82,-0.0403,0.0458,0.0074,4.5715,-3.2786,4.9846,4.6118,-3.3244,4.9772
4.83,-0.0456,0.0461,0.005,4.5983,-3.2657,4.9854,4.6439,-3.3118,4.9804
4.84,-0.0496,0.0464,0.004,4.6245,-3.2461,4.9862,4.6741,-3.2925,4.9822
4.85,-0.0536,0.0503,0.0045,4.6498,-3.2458,4.987,4.7033,-3.2961,4.9825
4.86,-0.0531,0.0536,0.0058,4.668,-3.2299,4.9877,4.721,-3.2836,4.9818
4.87,-0.0536,0.0538,0.0069,4.6879,-3.2178,4.9883,4.7414,-3.2717,4.9814
4.88,-0.057,0.0564,0.0085,4.717,-3.2065,4.9889,4.7739,-3.2629,4.9804
4.89,-0.0549,0.0561,0.0099,4.7375,-3.1905,4.9894,4.7924,-3.2466,4.9795
4.9,-0.0502,0.057,0.011,4.7684,-3.1796,4.9899,4.8186,-3.2365,4.9789
4.91,-0.048,0.0512,0.0115,4.7889,-3.1646,4.9904,4.8369,-3.2158,4.9789
4.92,-0.0505,0.0515,0.0143,4.8159,-3.1378,4.9908,4.8664,-3.1893,4.9764
4.93,-0.0483,0.0523,0.0135,4.849,-3.117,4.9911,4.8973,-3.1693,4.9776
4.94,-0.0479,0.0495,0.0135,4.882,-3.1105,4.9914,4.9298,-3.1599,4.9779
4.95,-0.0503,0.0435,0.0128,4.9012,-3.0926,4.9916,4.9515,-3.1361,4.9789
4.96,-0.0439,0.043,0.0134,4.9089,-3.0792,4.9918,4.9528,-3.1222,4.9784
4.97,-0.0432,0.0432,0.0154,4.926,-3.0671,4.992,4.9693,-3.1102,4.9766
4.98,-0.0453,0.0414,0.0176,4.9542,-3.048,4.9921,4.9995,-3.0894,4.9745
4.99,-0.0423,0.0422,0.0154,4.9678,-3.0302,4.9921,5.0101,-3.0724,4.9767
5,-0.0418,0.0397,0.0169,4.9941,-3.0154,4.9921,5.0359,-3.0551,4.9752
5.01,-0.0408,0.038,0.0181,5.0233,-3.009,4.9921,5.0641,-3.047,4.974
5.02,-0.0344,0.029,0.0168,5.0557,-2.9998,4.992,5.0901,-3.0288,4.9752
5.03,-0.0311,0.0273,0.0176,5.0754,-2.9882,4.9918,5.1065,-3.0155,4.9742
5.04,-0.0334,0.0341,0.0168,5.1031,-2.9778,4.9916,5.1366,-3.0118,4.9749
5.05,-0.0299,0.0359,0.0155,5.1281,-2.9619,4.9914,5.158,-2.9979,4.9759
5.06,-0.0292,0.0385,0.0199,5.1646,-2.9528,4.9911,5.1938,-2.9912,4.9712
5.07,-0.0335,0.035,0.0182,5.1834,-2.927,4.9908,5.2169,-2.962,4.9725
5.08,-0.0342,0.0334,0.0206,5.2125,-2.9178,4.9904,5.2467,-2.9512,4.9698
5.09,-0.0351,0.0271,0.0245,5.2392,-2.9032,4.9899,5.2743,-2.9303,4.9654
5.1,-0.0358,0.023,0.021,5.2692,-2.8866,4.9894,5.305,-2.9097,4.9684
5.11,-0.036,0.0211,0.0194,5.3012,-2.8784,4.9889,5.3372,-2.8994,4.9695
5.12,-0.0338,0.0183,0.0205,5.3295,-2.8556,4.9883,5.3634,-2.874,4.9678
5.13,-0.0343,0.0204,0.0176,5.3498,-2.8356,4.9877,5.3841,-2.856,4.9701
5.14,-0.036,0.0257,0.0176,5.3704,-2.8232,4.987,5.4064,-2.8488,4.9694
5.15,-0.0375,0.0286,0.0171,5.3916,-2.7993,4.9862,5.4291,-2.8279,4.9692
5.16,-0.0407,0.0273,0.0176,5.4193,-2.7741,4.9854,5.4601,-2.8014,4.9678
5.17,-0.0389,0.0258,0.0189,5.444,-2.7639,4.9846,5.4828,-2.7897,4.9657
5.18,-0.0392,0.0246,0.0235,5.4688,-2.7516,4.9837,5.508,-2.7761,4.9602
5.19,-0.041,0.023,0.0228,5.4964,-2.7366,4.9828,5.5374,-2.7596,4.96
5.2,-0.0408,0.0247,0.0222,5.5131,-2.7324,4.9818,5.5539,-2.7571,4.9596
5.21,-0.0423,0.0231,0.0242,5.5293,-2.7216,4.9807,5.5716,-2.7446,4.9565
5.22,-0.0413,0.02,0.0234,5.5493,-2.7079,4.9797,5.5907,-2.7279,4.9563
5.23,-0.041,0.0179,0.0242,5.5741,-2.6859,4.9785,5.6151,-2.7038,4.9543
5.24,-0.0389,0.019,0.0205,5.6076,-2.6726,4.9773,5.6465,-2.6916,4.9569
5.25,-0.0368,0.0215,0.0235,5.6292,-2.6658,4.9761,5.666,-2.6873,4.9526
5.26,-0.035,0.0231,0.0211,5.6495,-2.6469,4.9748,5.6845,-2.67,4.9538
5.27,-0.0305,0.0252,0.0217,5.6603,-2.628,4.9735,5.6907,-2.6532,4.9518
5.28,-0.0289,0.0258,0.024,5.6748,-2.6206,4.9721,5.7037,-2.6464,4.9481
5.29,-0.0324,0.0289,0.0283,5.7016,-2.6119,4.9707,5.7339,-2.6409,4.9424
5.3,-0.0378,0.0253,0.0296,5.7174,-2.5978,4.9692,5.7552,-2.6232,4.9396
5.31,-0.0369,0.0245,0.0289,5.7436,-2.5772,4.9677,5.7805,-2.6017,4.9388
5.32,-0.0325,0.026,0.029,5.7652,-2.5646,4.9661,5.7977,-2.5906,4.9371
5.33,-0.0319,0.0259,0.0278,5.7896,-2.5605,4.9645,5.8215,-2.5865,4.9367
5.34,-0.036,0.0243,0.0288,5.815,-2.5452,4.9628,5.851,-2.5695,4.934
5.35,-0.0354,0.0279,0.0283,5.8322,-2.5291,4.9611,5.8676,-2.557,4.9328
5.36,-0.0334,0.0314,0.0298,5.8442,-2.5138,4.9593,5.8776,-2.5452,4.9295
5.37,-0.0333,0.0365,0.0278,5.863,-2.5104,4.9575,5.8963,-2.5469,4.9296
5.38,-0.0317,0.0381,0.0264,5.881,-2.498,4.9556,5.9126,-2.5361,4.9292
5.39,-0.0336,0.0382,0.0297,5.9125,-2.494,4.9537,5.9462,-2.5322,4.924
5.4,-0.0292,0.0425,0.0252,5.9424,-2.4854,4.9517,5.9716,-2.5279,4.9266
5.41,-0.0297,0.0421,0.0211,5.9588,-2.4614,4.9497,5.9885,-2.5035,4.9286
5.42,-0.0277,0.0409,0.0204,5.9817,-2.4481,4.9476,6.0093,-2.489,4.9273
5.43,-0.0288,0.0423,0.0216,6.0087,-2.4387,4.9455,6.0375,-2.481,4.9239
5.44,-0.0223,0.0427,0.0217,6.0242,-2.4279,4.9434,6.0465,-2.4705,4.9216
5.45,-0.0222,0.0418,0.021,6.0496,-2.4184,4.9412,6.0718,-2.4603,4.9202
5.46,-0.0283,0.0448,0.0203,6.0676,-2.4109,4.9389,6.096,-2.4557,4.9186
5.47,-0.0264,0.0439,0.0178,6.0865,-2.3857,4.9366,6.1129,-2.4296,4.9187
5.48,-0.0216,0.047,0.0196,6.1089,-2.3632,4.9342,6.1305,-2.4102,4.9146
5.49,-0.023,0.0439,0.0196,6.1398,-2.351,4.9318,6.1627,-2.3949,4.9122
5.5,-0.0214,0.0492,0.0195,6.1633,-2.3424,4.9294,6.1848,-2.3916,4.9099
5.51,-0.017,0.0518,0.0164,6.1805,-2.3344,4.9268,6.1975,-2.3862,4.9105
5.52,-0.023,0.0493,0.0161,6.199,-2.308,4.9243,6.2221,-2.3573,4.9082
5.53,-0.024,0.046,0.0188,6.2063,-2.2967,4.9217,6.2303,-2.3427,4.9029
5.54,-0.0234,0.0483,0.0203,6.2276,-2.2887,4.919,6.2511,-2.3371,4.8987
5.55,-0.023,0.0445,0.0202,6.256,-2.282,4.9163,6.2791,-2.3265,4.8962
5.56,-0.0226,0.0478,0.0175,6.2639,-2.2572,4.9136,6.2865,-2.305,4.8961
5.57,-0.0239,0.0413,0.0188,6.2896,-2.2521,4.9108,6.3134,-2.2935,4.892
5.58,-0.0231,0.0457,0.0171,6.3114,-2.2486,4.9079,6.3345,-2.2943,4.8908
5.59,-0.0258,0.0399,0.0193,6.3265,-2.2147,4.905,6.3523,-2.2546,4.8857
5.6,-0.0183,0.0421,0.0196,6.3502,-2.2082,4.9021,6.3685,-2.2503,4.8825
5.61,-0.021,0.0385,0.0187,6.3738,-2.1928,4.8991,6.3948,-2.2313,4.8805
5.62,-0.0189,0.0436,0.0213,6.3883,-2.1824,4.8961,6.4071,-2.2259,4.8748
5.63,-0.0252,0.0437,0.0241,6.4147,-2.1687,4.893,6.4399,-2.2124,4.8688
5.64,-0.0288,0.0468,0.025,6.4379,-2.154,4.8898,6.4667,-2.2008,4.8649
5.65,-0.0326,0.0427,0.0237,6.4546,-2.1463,4.8867,6.4872,-2.189,4.8629
5.66,-0.0244,0.0355,0.0229,6.471,-2.148,4.8834,6.4955,-2.1835,4.8606
5.67,-0.0239,0.0403,0.0223,6.4877,-2.1358,4.8801,6.5116,-2.176,4.8578
5.68,-0.0265,0.0401,0.0222,6.513,-2.1232,4.8768,6.5395,-2.1633,4.8546
5.69,-0.0283,0.0386,0.0211,6.5256,-2.1032,4.8734,6.5538,-2.1418,4.8524
5.7,-0.0253,0.0407,0.0203,6.5509,-2.09,4.87,6.5761,-2.1308,4.8498
5.71,-0.0225,0.0402,0.0187,6.5661,-2.0837,4.8665,6.5887,-2.1239,4.8479
5.72,-0.0231,0.0397,0.0201,6.5899,-2.0676,4.863,6.613,-2.1073,4.8429
5.73,-0.0237,0.0363,0.0195,6.5989,-2.0529,4.8594,6.6227,-2.0892,4.8399
5.74,-0.0263,0.0368,0.0208,6.6171,-2.0579,4.8558,6.6434,-2.0947,4.835
5.75,-0.0264,0.0382,0.0207,6.6425,-2.0527,4.8522,6.6689,-2.091,4.8315
5.76,-0.0258,0.0367,0.0187,6.6629,-2.0378,4.8484,6.6887,-2.0746,4.8297
5.77,-0.0245,0.0358,0.0207,6.6851,-2.0207,4.8447,6.7096,-2.0565,4.8239
5.78,-0.0248,0.0324,0.0208,6.6935,-2.0088,4.8409,6.7183,-2.0411,4.8201
5.79,-0.0246,0.0364,0.0194,6.7054,-2.0092,4.837,6.73,-2.0456,4.8176
5.8,-0.0267,0.0421,0.0213,6.7235,-1.9979,4.8331,6.7502,-2.04,4.8118
5.81,-0.0297,0.041,0.0218,6.7538,-1.9899,4.8292,6.7835,-2.031,4.8074
5.82,-0.029,0.038,0.0241,6.7623,-1.9829,4.8251,6.7913,-2.021,4.8011
5.83,-0.0295,0.0501,0.0242,6.7651,-1.9732,4.8211,6.7945,-2.0234,4.7969
5.84,-0.0344,0.0529,0.0257,6.775,-1.9516,4.817,6.8094,-2.0044,4.7913
5.85,-0.0355,0.049,0.0241,6.7821,-1.9385,4.8129,6.8176,-1.9876,4.7887
5.86,-0.0361,0.0466,0.0261,6.7983,-1.9325,4.8087,6.8344,-1.9791,4.7826
5.87,-0.0317,0.0474,0.0262,6.8051,-1.9163,4.8044,6.8367,-1.9637,4.7783
5.88,-0.0308,0.0476,0.0239,6.8076,-1.9254,4.8001,6.8384,-1.973,4.7762
5.89,-0.0309,0.0509,0.0224,6.8128,-1.9102,4.7958,6.8437,-1.9611,4.7734
5.9,-0.0341,0.0477,0.0231,6.8254,-1.9032,4.7914,6.8595,-1.9508,4.7683
5.91,-0.0312,0.0453,0.0245,6.8361,-1.9004,4.787,6.8673,-1.9457,4.7625
5.92,-0.0293,0.0487,0.024,6.8436,-1.8827,4.7825,6.8729,-1.9314,4.7586
5.93,-0.0328,0.0489,0.0232,6.8574,-1.8797,4.778,6.8902,-1.9287,4.7548
5.94,-0.0309,0.0487,0.0214,6.8707,-1.8744,4.7734,6.9017,-1.9231,4.752
5.95,-0.0261,0.038,0.0224,6.8821,-1.8605,4.7688,6.9082,-1.8985,4.7464
5.96,-0.0302,0.0343,0.0236,6.8919,-1.8636,4.7641,6.9221,-1.8979,4.7405
5.97,-0.0331,0.0385,0.0224,6.8938,-1.8639,4.7594,6.9269,-1.9024,4.7371
5.98,-0.0304,0.0424,0.0238,6.8961,-1.8549,4.7547,6.9266,-1.8973,4.7308
5.99,-0.0312,0.0478,0.0257,6.9085,-1.8443,4.7499,6.9397,-1.892,4.7241
6,-0.0313,0.0459,0.0229,6.9159,-1.8379,4.745,6.9473,-1.8838,4.7221
6.01,-0.0307,0.0398,0.0229,6.9249,-1.8307,4.7401,6.9556,-1.8705,4.7172
6.02,-0.0338,0.0339,0.0183,6.9312,-1.8222,4.7351,6.965,-1.8561,4.7169
6.03,-0.0293,0.0317,0.0191,6.9316,-1.8162,4.7302,6.9609,-1.8479,4.7111
6.04,-0.0299,0.0351,0.0192,6.9416,-1.8125,4.7251,6.9715,-1.8476,4.7059
6.05,-0.0327,0.0329,0.0207,6.9498,-1.8009,4.72,6.9825,-1.8337,4.6994
6.06,-0.0337,0.0324,0.0203,6.9543,-1.7931,4.7149,6.988,-1.8255,4.6946
6.07,-0.0315,0.0323,0.0187,6.952,-1.7805,4.7097,6.9834,-1.8128,4.691
6.08,-0.0301,0.034,0.0194,6.9624,-1.7663,4.7045,6.9925,-1.8003,4.6851
6.09,-0.0292,0.0378,0.0186,6.9634,-1.7595,4.6992,6.9926,-1.7973,4.6806
6.1,-0.0285,0.0329,0.0189,6.9676,-1.7471,4.6939,6.9961,-1.78,4.675
6.11,-0.0307,0.0362,0.0229,6.9639,-1.7378,4.6885,6.9946,-1.774,4.6656
6.12,-0.0281,0.0366,0.0248,6.9692,-1.7281,4.6831,6.9972,-1.7648,4.6583
6.13,-0.0285,0.0347,0.0229,6.9739,-1.7175,4.6776,7.0024,-1.7521,4.6548
6.14,-0.0249,0.0358,0.0237,6.9738,-1.7002,4.6721,6.9986,-1.736,4.6485
6.15,-0.0243,0.0373,0.0247,6.9704,-1.6956,4.6666,6.9946,-1.7329,4.6419
6.16,-0.0262,0.0364,0.028,6.9733,-1.683,4.661,6.9995,-1.7195,4.633
6.17,-0.028,0.0384,0.0294,6.9822,-1.6795,4.6553,7.0102,-1.7179,4.6259
6.18,-0.0288,0.0357,0.0294,6.9927,-1.6721,4.6497,7.0215,-1.7078,4.6202
6.19,-0.0283,0.0336,0.0305,6.991,-1.6569,4.6439,7.0192,-1.6905,4.6134
6.2,-0.0298,0.0319,0.0319,7.0089,-1.6502,4.6381,7.0388,-1.682,4.6062
6.21,-0.03,0.0308,0.031,7.0031,-1.6375,4.6323,7.0331,-1.6683,4.6013
6.22,-0.0287,0.0303,0.0279,7.0022,-1.6325,4.6264,7.0309,-1.6628,4.5986
6.23,-0.0258,0.0262,0.0289,7.0019,-1.6348,4.6205,7.0277,-1.6611,4.5916
6.24,-0.025,0.0263,0.029,6.9949,-1.6249,4.6145,7.0199,-1.6511,4.5855
6.25,-0.0265,0.0268,0.0294,6.9934,-1.6182,4.6085,7.0199,-1.6451,4.5791
6.26,-0.0278,0.0269,0.0262,6.9907,-1.6073,4.6025,7.0185,-1.6342,4.5763
6.27,-0.0325,0.028,0.0262,6.9951,-1.5983,4.5964,7.0277,-1.6263,4.5702
6.28,-0.0368,0.0291,0.026,6.9966,-1.5931,4.5902,7.0333,-1.6221,4.5642
6.29,-0.0367,0.0341,0.0245,6.9921,-1.5946,4.584,7.0287,-1.6287,4.5595
6.3,-0.0373,0.0308,0.0247,7.0013,-1.5923,4.5778,7.0386,-1.6231,4.5531
6.31,-0.0372,0.0228,0.0222,6.9974,-1.5797,4.5715,7.0346,-1.6025,4.5493
6.32,-0.0365,0.0264,0.0224,6.9991,-1.5693,4.5652,7.0356,-1.5956,4.5428
6.33,-0.0367,0.0225,0.0269,6.9862,-1.5644,4.5588,7.0229,-1.5869,4.5319
6.34,-0.0362,0.0241,0.0257,6.9911,-1.561,4.5524,7.0273,-1.5851,4.5267
6.35,-0.0414,0.0266,0.0281,6.9878,-1.559,4.5459,7.0291,-1.5855,4.5178
6.36,-0.0398,0.0217,0.0294,6.982,-1.5473,4.5394,7.0218,-1.569,4.51
6.37,-0.0381,0.0193,0.0333,6.9704,-1.5459,4.5329,7.0085,-1.5652,4.4995
6.38,-0.0398,0.0226,0.0367,6.9677,-1.5432,4.5263,7.0075,-1.5658,4.4896
6.39,-0.0453,0.0226,0.0384,6.9618,-1.5466,4.5196,7.0071,-1.5692,4.4812
6.4,-0.0513,0.0238,0.0409,6.9612,-1.5362,4.5129,7.0125,-1.56,4.472
6.41,-0.0478,0.0243,0.042,6.9575,-1.5305,4.5062,7.0053,-1.5547,4.4642
6.42,-0.0525,0.0204,0.0444,6.9506,-1.5248,4.4994,7.003,-1.5452,4.4551
6.43,-0.0527,0.0218,0.0432,6.94,-1.5294,4.4926,6.9927,-1.5512,4.4494
6.44,-0.0512,0.0234,0.0448,6.933,-1.5244,4.4857,6.9842,-1.5478,4.4409
6.45,-0.047,0.0209,0.0473,6.9278,-1.5309,4.4788,6.9749,-1.5518,4.4315
6.46,-0.0464,0.023,0.0512,6.9141,-1.5192,4.4719,6.9605,-1.5422,4.4207
6.47,-0.0443,0.0215,0.0511,6.8988,-1.5202,4.4649,6.943,-1.5417,4.4138
6.48,-0.0461,0.0224,0.0532,6.8976,-1.5232,4.4578,6.9436,-1.5456,4.4046
6.49,-0.0522,0.0229,0.0516,6.8955,-1.5306,4.4507,6.9477,-1.5535,4.3991
6.5,-0.0518,0.0268,0.0499,6.8934,-1.5279,4.4436,6.9452,-1.5547,4.3937
6.51,-0.0509,0.0242,0.0523,6.8846,-1.532,4.4364,6.9355,-1.5561,4.3841
6.52,-0.0507,0.023,0.0502,6.8737,-1.535,4.4292,6.9244,-1.558,4.379
6.53,-0.0458,0.0212,0.0467,6.8613,-1.5252,4.422,6.9072,-1.5464,4.3752
6.54,-0.0443,0.0223,0.0468,6.8528,-1.5212,4.4146,6.8972,-1.5435,4.3678
6.55,-0.0467,0.0213,0.0469,6.8377,-1.5136,4.4073,6.8844,-1.5349,4.3604
6.56,-0.0531,0.0246,0.0505,6.8252,-1.5158,4.3999,6.8783,-1.5403,4.3494
6.57,-0.0561,0.0242,0.0502,6.8171,-1.5125,4.3925,6.8731,-1.5368,4.3423
6.58,-0.0531,0.0257,0.0487,6.8099,-1.5128,4.385,6.863,-1.5385,4.3362
6.59,-0.0519,0.0285,0.0466,6.7978,-1.5004,4.3775,6.8496,-1.5288,4.3309
6.6,-0.0527,0.0321,0.0473,6.7887,-1.4954,4.3699,6.8414,-1.5275,4.3226
6.61,-0.0523,0.0327,0.046,6.7776,-1.5001,4.3623,6.8299,-1.5329,4.3163
6.62,-0.0488,0.0294,0.0438,6.7764,-1.4954,4.3546,6.8252,-1.5248,4.3108
6.63,-0.0463,0.0298,0.0417,6.7572,-1.4925,4.3469,6.8035,-1.5223,4.3052
6.64,-0.045,0.0336,0.0418,6.748,-1.4975,4.3392,6.793,-1.5311,4.2974
6.65,-0.054,0.0352,0.0397,6.737,-1.4901,4.3314,6.7909,-1.5253,4.2917
6.66,-0.0576,0.0326,0.0433,6.7232,-1.4849,4.3236,6.7809,-1.5176,4.2803
6.67,-0.0565,0.03,0.0444,6.7095,-1.4863,4.3157,6.766,-1.5163,4.2713
6.68,-0.0538,0.0329,0.0435,6.6883,-1.4901,4.3078,6.7421,-1.523,4.2643
6.69,-0.0539,0.0329,0.0455,6.6606,-1.4827,4.2999,6.7145,-1.5156,4.2544
6.7,-0.0502,0.0336,0.0476,6.65,-1.4873,4.2919,6.7002,-1.5208,4.2443
6.71,-0.0532,0.0343,0.0491,6.6405,-1.4886,4.2838,6.6937,-1.5229,4.2348
6.72,-0.0474,0.0323,0.0513,6.6362,-1.4949,4.2757,6.6836,-1.5272,4.2244
6.73,-0.0418,0.0313,0.0502,6.6206,-1.4964,4.2676,6.6624,-1.5277,4.2174
6.74,-0.0393,0.027,0.052,6.6101,-1.4951,4.2594,6.6494,-1.5221,4.2074
6.75,-0.0373,0.0249,0.0527,6.5932,-1.4947,4.2512,6.6305,-1.5196,4.1986
6.76,-0.0338,0.0283,0.0562,6.5752,-1.5008,4.243,6.609,-1.5291,4.1868
6.77,-0.0315,0.0286,0.054,6.5596,-1.5194,4.2347,6.5911,-1.548,4.1806
6.78,-0.0284,0.025,0.0541,6.5422,-1.5096,4.2264,6.5706,-1.5346,4.1723
6.79,-0.0274,0.0273,0.0552,6.5309,-1.5148,4.218,6.5583,-1.5421,4.1628
6.8,-0.0308,0.0232,0.0529,6.5257,-1.5148,4.2096,6.5565,-1.5381,4.1567
6.81,-0.0296,0.0234,0.0541,6.5143,-1.5141,4.2011,6.5439,-1.5375,4.147
6.82,-0.029,0.0317,0.0516,6.502,-1.5094,4.1926,6.531,-1.5411,4.141
6.83,-0.0323,0.0325,0.051,6.4866,-1.5184,4.1841,6.5189,-1.5509,4.1331
6.84,-0.0332,0.0336,0.0482,6.4725,-1.5233,4.1755,6.5057,-1.5569,4.1273
6.85,-0.0345,0.0356,0.0487,6.4526,-1.5315,4.1669,6.4871,-1.5671,4.1182
6.86,-0.0353,0.0367,0.05,6.4311,-1.5268,4.1582,6.4664,-1.5635,4.1082
6.87,-0.0379,0.0345,0.048,6.4049,-1.5272,4.1495,6.4428,-1.5617,4.1015
6.88,-0.0399,0.0332,0.0465,6.3843,-1.5296,4.1407,6.4242,-1.5628,4.0943
6.89,-0.0393,0.0319,0.0456,6.3663,-1.5368,4.132,6.4055,-1.5686,4.0864
6.9,-0.0419,0.0318,0.0454,6.3439,-1.5468,4.1231,6.3858,-1.5786,4.0777
6.91,-0.0419,0.0309,0.0438,6.3284,-1.5481,4.1143,6.3703,-1.579,4.0704
6.92,-0.0372,0.0295,0.0461,6.2984,-1.5507,4.1054,6.3356,-1.5802,4.0592
6.93,-0.0392,0.0313,0.0477,6.2834,-1.5531,4.0964,6.3226,-1.5844,4.0487
6.94,-0.0406,0.0316,0.0466,6.2556,-1.5617,4.0874,6.2962,-1.5934,4.0408
6.95,-0.0379,0.0317,0.0459,6.2291,-1.5649,4.0784,6.267,-1.5966,4.0325
6.96,-0.0362,0.0346,0.0475,6.2049,-1.5542,4.0693,6.2411,-1.5888,4.0218
6.97,-0.037,0.0284,0.0483,6.1927,-1.5553,4.0602,6.2297,-1.5837,4.0119
6.98,-0.0365,0.0277,0.0486,6.1698,-1.5508,4.051,6.2063,-1.5785,4.0025
6.99,-0.0393,0.0237,0.0503,6.1472,-1.5471,4.0418,6.1865,-1.5708,3.9915
7,-0.0377,0.0246,0.0514,6.1376,-1.5539,4.0326,6.1753,-1.5785,3.9812
7.01,-0.0395,0.0228,0.0506,6.1081,-1.566,4.0233,6.1476,-1.5887,3.9727
7.02,-0.0448,0.0252,0.0495,6.0925,-1.5608,4.014,6.1373,-1.586,3.9645
7.03,-0.0429,0.0261,0.053,6.0785,-1.5636,4.0047,6.1214,-1.5898,3.9517
7.04,-0.0451,0.03,0.0534,6.056,-1.5784,3.9953,6.101,-1.6084,3.9419
7.05,-0.0473,0.0249,0.0545,6.039,-1.5855,3.9859,6.0864,-1.6104,3.9314
7.06,-0.0416,0.0233,0.0535,6.0206,-1.5836,3.9764,6.0622,-1.6069,3.9229
7.07,-0.0379,0.024,0.0507,5.9932,-1.587,3.9669,6.0311,-1.6111,3.9162
7.08,-0.0399,0.023,0.0501,5.9724,-1.5756,3.9573,6.0123,-1.5986,3.9073
7.09,-0.0389,0.0246,0.054,5.9447,-1.5894,3.9477,5.9836,-1.6139,3.8937
7.1,-0.0369,0.0256,0.0528,5.9285,-1.5925,3.9381,5.9654,-1.6181,3.8853
7.11,-0.0339,0.0241,0.0533,5.9022,-1.5962,3.9284,5.936,-1.6202,3.8751
7.12,-0.0385,0.0233,0.0523,5.8857,-1.5933,3.9187,5.9242,-1.6167,3.8664
7.13,-0.0347,0.0235,0.0514,5.8624,-1.6017,3.909,5.8971,-1.6252,3.8576
7.14,-0.0327,0.0244,0.0505,5.8429,-1.6115,3.8992,5.8756,-1.6359,3.8487
7.15,-0.0383,0.0273,0.0483,5.8269,-1.6311,3.8894,5.8653,-1.6584,3.8411
7.16,-0.0391,0.0239,0.0525,5.7997,-1.64,3.8795,5.8387,-1.6639,3.827
7.17,-0.0463,0.033,0.0519,5.7679,-1.6432,3.8696,5.8141,-1.6761,3.8178
7.18,-0.0436,0.032,0.0533,5.7513,-1.6488,3.8597,5.7949,-1.6808,3.8064
7.19,-0.0413,0.0318,0.056,5.7327,-1.6573,3.8497,5.774,-1.6891,3.7937
7.2,-0.0433,0.0315,0.0581,5.699,-1.6566,3.8397,5.7423,-1.6881,3.7816
7.21,-0.0419,0.0433,0.0606,5.6784,-1.6615,3.8297,5.7203,-1.7048,3.769
7.22,-0.042,0.0461,0.0603,5.6627,-1.6706,3.8196,5.7047,-1.7167,3.7593
7.23,-0.0393,0.0453,0.0574,5.6469,-1.6834,3.8094,5.6862,-1.7287,3.7521
7.24,-0.0391,0.0452,0.0592,5.6182,-1.696,3.7993,5.6573,-1.7413,3.7401
7.25,-0.0416,0.0417,0.0587,5.5941,-1.7025,3.7891,5.6357,-1.7441,3.7304
7.26,-0.0384,0.044,0.0576,5.5741,-1.7089,3.7788,5.6125,-1.753,3.7212
7.27,-0.0399,0.044,0.0589,5.5545,-1.7245,3.7686,5.5945,-1.7684,3.7096
7.28,-0.0412,0.0516,0.0583,5.5307,-1.7236,3.7582,5.5719,-1.7751,3.6999
7.29,-0.0341,0.0493,0.0591,5.4968,-1.7357,3.7479,5.5309,-1.7849,3.6888
7.3,-0.038,0.0455,0.0616,5.4785,-1.7349,3.7375,5.5166,-1.7804,3.6759
7.31,-0.0391,0.0435,0.0659,5.4599,-1.7373,3.7271,5.499,-1.7808,3.6612
7.32,-0.0385,0.0433,0.0661,5.4344,-1.7562,3.7166,5.4729,-1.7995,3.6505
7.33,-0.0409,0.041,0.0654,5.4024,-1.7654,3.7061,5.4433,-1.8063,3.6407
7.34,-0.0421,0.0383,0.0666,5.3751,-1.7714,3.6956,5.4171,-1.8097,3.629
7.35,-0.0425,0.0419,0.0617,5.3579,-1.7886,3.685,5.4005,-1.8305,3.6233
7.36,-0.0431,0.0325,0.0611,5.3438,-1.7913,3.6744,5.3869,-1.8238,3.6133
7.37,-0.0413,0.0338,0.0609,5.3111,-1.8028,3.6638,5.3524,-1.8366,3.6029
7.38,-0.0481,0.0405,0.0617,5.2777,-1.8118,3.6531,5.3258,-1.8523,3.5913
7.39,-0.0505,0.0395,0.061,5.254,-1.8101,3.6424,5.3046,-1.8496,3.5813
7.4,-0.0545,0.0372,0.0631,5.2378,-1.8172,3.6316,5.2922,-1.8544,3.5685
7.41,-0.0501,0.0392,0.0619,5.2086,-1.8301,3.6208,5.2587,-1.8693,3.5589
7.42,-0.0514,0.0345,0.0621,5.193,-1.836,3.61,5.2445,-1.8705,3.5478
7.43,-0.0528,0.0349,0.06,5.1668,-1.8469,3.5991,5.2195,-1.8818,3.5392
7.44,-0.0507,0.0322,0.0613,5.1466,-1.8544,3.5882,5.1973,-1.8866,3.5269
7.45,-0.0529,0.0334,0.0619,5.116,-1.8624,3.5773,5.1689,-1.8958,3.5154
7.46,-0.0542,0.0343,0.0636,5.0837,-1.8742,3.5663,5.1379,-1.9086,3.5027
7.47,-0.0534,0.0398,0.0625,5.0622,-1.8812,3.5553,5.1156,-1.9209,3.4929
7.48,-0.0532,0.0404,0.0635,5.0356,-1.8925,3.5443,5.0887,-1.9329,3.4808
7.49,-0.0484,0.0349,0.0627,5.0107,-1.9028,3.5332,5.0591,-1.9377,3.4706
7.5,-0.0475,0.0335,0.0642,4.9862,-1.9196,3.5221,5.0337,-1.9531,3.4579
7.51,-0.0458,0.0325,0.0639,4.9676,-1.9229,3.511,5.0134,-1.9554,3.4471
7.52,-0.0557,0.0328,0.0667,4.9431,-1.9369,3.4998,4.9988,-1.9696,3.4331
7.53,-0.054,0.0307,0.0688,4.9137,-1.9355,3.4886,4.9677,-1.9662,3.4197
7.54,-0.0476,0.0299,0.0684,4.8935,-1.9385,3.4773,4.941,-1.9684,3.4089
7.55,-0.0441,0.0292,0.0656,4.8717,-1.9459,3.4661,4.9158,-1.9751,3.4005
7.56,-0.0472,0.0298,0.0644,4.8501,-1.9526,3.4548,4.8974,-1.9824,3.3903
7.57,-0.048,0.0269,0.0661,4.8203,-1.9616,3.4434,4.8683,-1.9885,3.3773
7.58,-0.0494,0.0275,0.0686,4.7988,-1.982,3.432,4.8482,-2.0094,3.3635
7.59,-0.0524,0.0293,0.069,4.7802,-1.9959,3.4206,4.8326,-2.0251,3.3516
7.6,-0.0474,0.0335,0.0675,4.7646,-2.0082,3.4092,4.812,-2.0417,3.3416
7.61,-0.0507,0.034,0.0657,4.7361,-2.0115,3.3977,4.7868,-2.0455,3.332
7.62,-0.0568,0.0372,0.0662,4.7123,-2.0206,3.3862,4.7692,-2.0578,3.32
7.63,-0.0557,0.0314,0.0688,4.6897,-2.0375,3.3746,4.7453,-2.0689,3.3058
7.64,-0.0534,0.0289,0.0705,4.6603,-2.0476,3.363,4.7137,-2.0765,3.2925
7.65,-0.0538,0.0221,0.0682,4.6267,-2.0633,3.3514,4.6805,-2.0854,3.2832
7.66,-0.0509,0.0191,0.0688,4.604,-2.0714,3.3397,4.6549,-2.0906,3.2709
7.67,-0.0483,0.0178,0.0664,4.5761,-2.0768,3.3281,4.6244,-2.0946,3.2616
7.68,-0.0496,0.0174,0.0646,4.5481,-2.0792,3.3163,4.5976,-2.0966,3.2517
7.69,-0.0487,0.019,0.0637,4.5192,-2.0831,3.3046,4.568,-2.1021,3.2409
7.7,-0.0485,0.0206,0.0651,4.4886,-2.0924,3.2928,4.5371,-2.113,3.2277
7.71,-0.0479,0.0187,0.0634,4.4632,-2.1046,3.281,4.511,-2.1233,3.2176
7.72,-0.0435,0.0177,0.0669,4.4332,-2.1207,3.2691,4.4767,-2.1385,3.2022
7.73,-0.0462,0.0179,0.0673,4.4031,-2.1324,3.2573,4.4493,-2.1503,3.19
7.74,-0.0433,0.0176,0.066,4.3755,-2.151,3.2454,4.4187,-2.1686,3.1793
7.75,-0.0372,0.0203,0.0661,4.3454,-2.1647,3.2334,4.3826,-2.185,3.1674
7.76,-0.0374,0.0232,0.0659,4.3314,-2.1826,3.2214,4.3688,-2.2058,3.1555
7.77,-0.0442,0.0259,0.0649,4.2966,-2.1925,3.2094,4.3408,-2.2184,3.1445
7.78,-0.0454,0.0271,0.0657,4.2844,-2.1956,3.1974,4.3298,-2.2227,3.1317
7.79,-0.0424,0.0254,0.0678,4.2655,-2.2071,3.1853,4.3079,-2.2324,3.1175
7.8,-0.0426,0.0292,0.0679,4.2288,-2.2257,3.1732,4.2713,-2.2548,3.1053
7.81,-0.0416,0.0345,0.069,4.2125,-2.2423,3.1611,4.254,-2.2769,3.0921
7.82,-0.0418,0.0293,0.0701,4.1917,-2.2612,3.1489,4.2335,-2.2904,3.0788
7.83,-0.04,0.0314,0.0722,4.16,-2.2645,3.1367,4.1999,-2.2958,3.0645
7.84,-0.0418,0.0267,0.0668,4.1429,-2.2804,3.1245,4.1847,-2.3071,3.0577
7.85,-0.0379,0.0242,0.0658,4.1189,-2.2937,3.1122,4.1568,-2.318,3.0464
7.86,-0.0397,0.0198,0.0657,4.0961,-2.3176,3.0999,4.1359,-2.3374,3.0342
7.87,-0.0388,0.0184,0.0701,4.0692,-2.3377,3.0876,4.108,-2.356,3.0175
7.88,-0.0373,0.0168,0.0653,4.0463,-2.3468,3.0753,4.0836,-2.3636,3.0099
7.89,-0.0375,0.0137,0.0641,4.0264,-2.3678,3.0629,4.0638,-2.3816,2.9988
7.9,-0.0378,0.0173,0.0685,4.0076,-2.3781,3.0505,4.0454,-2.3954,2.982
7.91,-0.0345,0.018,0.0693,3.9963,-2.401,3.038,4.0308,-2.419,2.9687
7.92,-0.034,0.0147,0.0679,3.9756,-2.4133,3.0256,4.0095,-2.428,2.9576
7.93,-0.033,0.0128,0.0675,3.9583,-2.4333,3.0131,3.9913,-2.4461,2.9455
7.94,-0.0341,0.0098,0.0668,3.9348,-2.4516,3.0005,3.9689,-2.4614,2.9337
7.95,-0.031,0.0129,0.0654,3.9193,-2.4589,2.988,3.9503,-2.4718,2.9225
7.96,-0.0278,0.0137,0.0682,3.8969,-2.4764,2.9754,3.9247,-2.4901,2.9072
7.97,-0.0287,0.0123,0.0662,3.8692,-2.4898,2.9628,3.8979,-2.502,2.8965
7.98,-0.0245,0.0116,0.0643,3.8491,-2.4985,2.9501,3.8736,-2.51,2.8858
7.99,-0.0273,0.0139,0.0636,3.8375,-2.5015,2.9374,3.8648,-2.5153,2.8739
8,-0.027,0.0095,0.0623,3.8149,-2.5068,2.9247,3.8419,-2.5164,2.8625
8.01,-0.0269,0.0136,0.0608,3.7971,-2.5256,2.912,3.8241,-2.5392,2.8511
8.02,-0.0213,0.0104,0.06,3.7835,-2.5393,2.8992,3.8048,-2.5497,2.8392
8.03,-0.0254,0.0046,0.0648,3.7545,-2.5597,2.8864,3.7799,-2.5643,2.8217
8.04,-0.0225,0.0078,0.0649,3.7364,-2.5811,2.8736,3.759,-2.5889,2.8087
8.05,-0.0262,0.0071,0.0663,3.723,-2.5915,2.8607,3.7491,-2.5987,2.7945
8.06,-0.0278,0.0072,0.0655,3.7023,-2.5985,2.8479,3.7301,-2.6057,2.7823
8.07,-0.0271,0.0121,0.0671,3.6757,-2.611,2.835,3.7028,-2.6231,2.7678
8.08,-0.0327,0.0067,0.066,3.6521,-2.6338,2.822,3.6849,-2.6404,2.756
8.09,-0.0312,0.0094,0.0639,3.6384,-2.649,2.8091,3.6695,-2.6584,2.7452
8.1,-0.0341,0.0075,0.0669,3.6237,-2.6635,2.7961,3.6577,-2.671,2.7291
8.11,-0.0415,0.0062,0.0652,3.6168,-2.6677,2.783,3.6583,-2.6739,2.7178
8.12,-0.0402,0.003,0.0661,3.6022,-2.6847,2.77,3.6423,-2.6876,2.7039
8.13,-0.04,0.0017,0.0653,3.5788,-2.6961,2.7569,3.6188,-2.6979,2.6917
8.14,-0.0456,0.0006,0.067,3.5603,-2.7239,2.7438,3.6058,-2.7245,2.6768
8.15,-0.0442,0.0037,0.0654,3.5269,-2.7417,2.7307,3.5711,-2.7454,2.6653
8.16,-0.0409,0.0051,0.0638,3.5123,-2.7623,2.7175,3.5532,-2.7674,2.6538
8.17,-0.0437,0.0079,0.0619,3.4967,-2.7779,2.7044,3.5404,-2.7858,2.6424
8.18,-0.0423,0.0059,0.061,3.4752,-2.8011,2.6911,3.5175,-2.807,2.6301
8.19,-0.0424,0.0087,0.064,3.4628,-2.8182,2.6779,3.5051,-2.8269,2.6139
8.2,-0.0424,0.0078,0.0663,3.4388,-2.8321,2.6646,3.4812,-2.8399,2.5983
8.21,-0.0463,0.0082,0.0691,3.4214,-2.8373,2.6514,3.4677,-2.8454,2.5823
8.22,-0.0425,0.0071,0.07,3.4023,-2.8439,2.638,3.4448,-2.851,2.5681
8.23,-0.0481,0.0079,0.0684,3.3854,-2.8562,2.6247,3.4335,-2.8641,2.5563
8.24,-0.0505,0.0089,0.0697,3.3817,-2.877,2.6113,3.4321,-2.8859,2.5416
8.25,-0.0494,0.0083,0.0666,3.3625,-2.8921,2.5979,3.4119,-2.9005,2.5314
8.26,-0.046,0.0079,0.0696,3.347,-2.9043,2.5845,3.393,-2.9122,2.5149
8.27,-0.0446,0.0156,0.0661,3.3467,-2.9088,2.5711,3.3913,-2.9245,2.505
8.28,-0.0445,0.0186,0.068,3.3414,-2.9228,2.5576,3.386,-2.9414,2.4896
8.29,-0.0497,0.0157,0.0699,3.323,-2.9427,2.5441,3.3727,-2.9584,2.4743
8.3,-0.051,0.0173,0.0707,3.3101,-2.9625,2.5306,3.3611,-2.9797,2.4599
8.31,-0.0466,0.018,0.0699,3.2942,-2.9828,2.517,3.3408,-3.0008,2.4472
8.32,-0.0435,0.0098,0.0713,3.2911,-2.9913,2.5035,3.3346,-3.0011,2.4321
8.33,-0.0445,0.0132,0.0729,3.2895,-3.0023,2.4899,3.334,-3.0155,2.417
8.34,-0.0403,0.0114,0.0714,3.2718,-3.009,2.4763,3.3121,-3.0204,2.4049
8.35,-0.0406,0.0129,0.0705,3.2614,-3.0323,2.4626,3.3021,-3.0453,2.3921
8.36,-0.0415,0.0163,0.0737,3.2563,-3.0367,2.4489,3.2978,-3.0529,2.3753
8.37,-0.0449,0.0168,0.0768,3.2396,-3.0596,2.4353,3.2844,-3.0764,2.3584
8.38,-0.047,0.0152,0.075,3.2316,-3.0757,2.4215,3.2786,-3.0909,2.3466
8.39,-0.0434,0.0162,0.0745,3.2314,-3.0973,2.4078,3.2748,-3.1135,2.3333
8.4,-0.0455,0.0208,0.0746,3.2155,-3.1123,2.394,3.261,-3.1332,2.3194
8.41,-0.0449,0.0152,0.0782,3.2019,-3.1294,2.3802,3.2468,-3.1446,2.3021
8.42,-0.0488,0.0179,0.0793,3.1905,-3.1365,2.3664,3.2392,-3.1545,2.2871
8.43,-0.045,0.0244,0.079,3.1703,-3.1548,2.3526,3.2153,-3.1792,2.2736
8.44,-0.0454,0.0238,0.0801,3.1558,-3.1701,2.3387,3.2012,-3.1939,2.2586
8.45,-0.0456,0.0274,0.0818,3.1558,-3.1926,2.3249,3.2014,-3.22,2.243
8.46,-0.0465,0.0297,0.0809,3.1458,-3.1991,2.3109,3.1922,-3.2288,2.2301
8.47,-0.0457,0.027,0.0786,3.1334,-3.202,2.297,3.1791,-3.229,2.2184
8.48,-0.0464,0.0296,0.0769,3.1257,-3.2167,2.2831,3.1721,-3.2463,2.2062
8.49,-0.0428,0.0346,0.0777,3.1196,-3.233,2.2691,3.1624,-3.2676,2.1914
8.5,-0.0441,0.0342,0.0774,3.1143,-3.2496,2.2551,3.1584,-3.2838,2.1777
8.51,-0.0488,0.0321,0.0772,3.1048,-3.267,2.2411,3.1537,-3.2991,2.1639
8.52,-0.0485,0.0306,0.0778,3.1004,-3.2812,2.227,3.1489,-3.3117,2.1492
8.53,-0.0482,0.0331,0.0784,3.0853,-3.2965,2.213,3.1336,-3.3296,2.1346
8.54,-0.0523,0.0283,0.078,3.0716,-3.3147,2.1989,3.1239,-3.343,2.1209
8.55,-0.054,0.0234,0.0806,3.0656,-3.3124,2.1848,3.1195,-3.3358,2.1041
8.56,-0.0511,0.0228,0.0826,3.0633,-3.3177,2.1707,3.1144,-3.3405,2.0881
8.57,-0.0546,0.0277,0.0823,3.0641,-3.3322,2.1565,3.1187,-3.3599,2.0742
8.58,-0.0532,0.0281,0.0799,3.0529,-3.3374,2.1423,3.1061,-3.3656,2.0625
8.59,-0.053,0.0242,0.0788,3.0479,-3.3623,2.1281,3.1009,-3.3865,2.0493
8.6,-0.051,0.024,0.0778,3.0435,-3.3754,2.1139,3.0945,-3.3993,2.0361
8.61,-0.05,0.0245,0.0797,3.0436,-3.3859,2.0997,3.0936,-3.4104,2.02
8.62,-0.0536,0.0206,0.0795,3.0377,-3.3908,2.0854,3.0912,-3.4114,2.0059
8.63,-0.0462,0.0162,0.0768,3.036,-3.401,2.0712,3.0822,-3.4172,1.9944
8.64,-0.0458,0.014,0.0768,3.0398,-3.4186,2.0569,3.0856,-3.4326,1.9801
8.65,-0.043,0.0161,0.0771,3.038,-3.4353,2.0426,3.081,-3.4514,1.9655
8.66,-0.04,0.0153,0.0751,3.041,-3.4454,2.0282,3.081,-3.4608,1.9531
8.67,-0.0386,0.0135,0.076,3.0458,-3.4502,2.0139,3.0844,-3.4637,1.9378
8.68,-0.0381,0.0181,0.0745,3.05,-3.4676,1.9995,3.088,-3.4856,1.925
8.69,-0.0426,0.0179,0.0783,3.0455,-3.4706,1.9851,3.0881,-3.4885,1.9068
8.7,-0.0416,0.0157,0.0788,3.0451,-3.4852,1.9707,3.0867,-3.5009,1.8919
8.71,-0.0461,0.0117,0.0789,3.0481,-3.5004,1.9562,3.0942,-3.5121,1.8773
8.72,-0.048,0.0072,0.0775,3.055,-3.5257,1.9418,3.103,-3.5329,1.8643
8.73,-0.0511,0.0033,0.0757,3.0515,-3.5362,1.9273,3.1025,-3.5395,1.8516
8.74,-0.0476,0.0052,0.0738,3.0447,-3.5574,1.9128,3.0924,-3.5626,1.8391
8.75,-0.0473,0.0076,0.0761,3.0419,-3.5658,1.8983,3.0892,-3.5735,1.8222
8.76,-0.0522,0.007,0.0773,3.0271,-3.5756,1.8838,3.0794,-3.5826,1.8065
8.77,-0.0491,0.0076,0.0761,3.0275,-3.5929,1.8692,3.0766,-3.6005,1.7932
8.78,-0.0503,0.008,0.0752,3.0328,-3.595,1.8547,3.0831,-3.603,1.7794
8.79,-0.0511,0.0139,0.0761,3.0342,-3.5975,1.8401,3.0853,-3.6114,1.764
8.8,-0.0542,0.0161,0.0776,3.0385,-3.6132,1.8255,3.0927,-3.6293,1.7479
8.81,-0.0566,0.0158,0.0767,3.0307,-3.6275,1.8108,3.0873,-3.6433,1.7341
8.82,-0.0538,0.0146,0.0755,3.0356,-3.6438,1.7962,3.0894,-3.6585,1.7207
8.83,-0.0534,0.0211,0.0782,3.0363,-3.6542,1.7815,3.0897,-3.6753,1.7033
8.84,-0.0507,0.0203,0.0769,3.0374,-3.6648,1.7669,3.088,-3.685,1.69
8.85,-0.0453,0.0212,0.0789,3.0383,-3.6799,1.7522,3.0836,-3.7011,1.6733
8.86,-0.0443,0.0199,0.0804,3.034,-3.7016,1.7375,3.0783,-3.7215,1.6571
8.87,-0.0439,0.0241,0.0791,3.0444,-3.7125,1.7227,3.0883,-3.7365,1.6436
8.88,-0.0431,0.0208,0.0801,3.0585,-3.7235,1.708,3.1015,-3.7443,1.6279
8.89,-0.044,0.0167,0.0814,3.065,-3.7382,1.6932,3.109,-3.7549,1.6118
8.9,-0.0431,0.0141,0.0797,3.0797,-3.7446,1.6784,3.1228,-3.7588,1.5987
8.91,-0.0416,0.018,0.083,3.0965,-3.7634,1.6636,3.1381,-3.7814,1.5807
8.92,-0.0485,0.0152,0.0795,3.1036,-3.7839,1.6488,3.1521,-3.7991,1.5694
8.93,-0.0523,0.016,0.0763,3.1089,-3.7954,1.634,3.1613,-3.8114,1.5577
8.94,-0.055,0.0201,0.0767,3.1141,-3.8099,1.6192,3.1692,-3.83,1.5425
8.95,-0.0567,0.023,0.0775,3.1121,-3.8123,1.6043,3.1687,-3.8353,1.5268
8.96,-0.0596,0.0213,0.0781,3.1168,-3.8213,1.5894,3.1764,-3.8426,1.5114
8.97,-0.0634,0.0188,0.0797,3.1116,-3.841,1.5745,3.175,-3.8598,1.4949
8.98,-0.0682,0.0151,0.0811,3.1182,-3.8425,1.5596,3.1864,-3.8577,1.4785
8.99,-0.0743,0.0154,0.0786,3.1193,-3.8592,1.5447,3.1937,-3.8745,1.4661
9,-0.0776,0.016,0.0792,3.1286,-3.8685,1.5298,3.2062,-3.8845,1.4505
9.01,-0.0774,0.0188,0.0806,3.1362,-3.8795,1.5148,3.2136,-3.8983,1.4342
9.02,-0.0753,0.0199,0.0806,3.1382,-3.8862,1.4998,3.2135,-3.906,1.4192
9.03,-0.0751,0.0198,0.0835,3.166,-3.9017,1.4849,3.2411,-3.9215,1.4013
9.04,-0.0742,0.0128,0.0843,3.1762,-3.9189,1.4699,3.2504,-3.9317,1.3855
9.05,-0.0757,0.0128,0.0845,3.1936,-3.9336,1.4548,3.2692,-3.9464,1.3703
9.06,-0.0718,0.0121,0.0838,3.2004,-3.9465,1.4398,3.2722,-3.9586,1.356
9.07,-0.0668,0.0121,0.0814,3.2064,-3.961,1.4248,3.2732,-3.9731,1.3434
9.08,-0.0688,0.0098,0.0796,3.2073,-3.9749,1.4097,3.2761,-3.9847,1.3301
9.09,-0.0657,0.003,0.0816,3.2137,-3.9777,1.3946,3.2794,-3.9807,1.3131
9.1,-0.0656,0.003,0.0819,3.2251,-3.985,1.3796,3.2907,-3.988,1.2976
9.11,-0.0629,-0.0012,0.0828,3.2392,-3.9952,1.3645,3.3021,-3.994,1.2817
9.12,-0.065,0.0042,0.0839,3.2459,-4.0042,1.3493,3.3109,-4.0085,1.2654
9.13,-0.0629,0.0072,0.0835,3.2572,-4.014,1.3342,3.3201,-4.0211,1.2508
9.14,-0.0646,0.0091,0.0852,3.2682,-4.0159,1.3191,3.3328,-4.0251,1.2339
9.15,-0.0606,0.0051,0.0846,3.2818,-4.0343,1.3039,3.3424,-4.0394,1.2194
9.16,-0.0592,0.0023,0.0869,3.3061,-4.0455,1.2888,3.3653,-4.0478,1.2019
9.17,-0.0625,0.0025,0.0893,3.3218,-4.0564,1.2736,3.3844,-4.0589,1.1843
9.18,-0.0648,-0.0015,0.0903,3.3368,-4.0759,1.2584,3.4016,-4.0744,1.1681
9.19,-0.065,-0.0054,0.0876,3.3492,-4.0969,1.2432,3.4142,-4.0915,1.1556
9.2,-0.0601,-0.0037,0.09,3.3674,-4.108,1.228,3.4275,-4.1043,1.138
9.21,-0.055,0.0018,0.0875,3.3784,-4.1141,1.2128,3.4333,-4.116,1.1252
9.22,-0.0553,0.002,0.087,3.3974,-4.1209,1.1975,3.4527,-4.1229,1.1105
9.23,-0.0569,0.0005,0.0839,3.4131,-4.1225,1.1823,3.47,-4.1229,1.0983
9.24,-0.0558,-0.0012,0.0857,3.4296,-4.1381,1.167,3.4854,-4.1369,1.0813
9.25,-0.0522,0.0023,0.0882,3.452,-4.1518,1.1517,3.5042,-4.1542,1.0635
9.26,-0.0534,0.0033,0.0879,3.4661,-4.1552,1.1364,3.5195,-4.1585,1.0486
9.27,-0.0493,0.0004,0.09,3.4824,-4.1677,1.1212,3.5317,-4.1681,1.0311
9.28,-0.0499,0.0033,0.0883,3.4908,-4.1691,1.1058,3.5408,-4.1723,1.0176
9.29,-0.0471,-0.0055,0.0852,3.5082,-4.1735,1.0905,3.5553,-4.168,1.0053
9.3,-0.0461,-0.0015,0.0839,3.5206,-4.19,1.0752,3.5667,-4.1885,0.9913
9.31,-0.0526,0.0017,0.0854,3.5411,-4.2034,1.0599,3.5938,-4.2052,0.9744
9.32,-0.049,0.0077,0.086,3.5559,-4.2141,1.0445,3.6048,-4.2218,0.9585
9.33,-0.0517,0.0114,0.0879,3.5742,-4.2277,1.0291,3.6259,-4.239,0.9413
9.34,-0.0473,0.0143,0.0883,3.5762,-4.2379,1.0138,3.6236,-4.2522,0.9255
9.35,-0.0449,0.0207,0.0897,3.593,-4.2471,0.9984,3.6379,-4.2678,0.9087
9.36,-0.0442,0.0219,0.0866,3.6078,-4.2484,0.983,3.652,-4.2703,0.8964
9.37,-0.0427,0.0188,0.0861,3.6225,-4.2592,0.9676,3.6652,-4.278,0.8815
9.38,-0.0447,0.0178,0.0848,3.6386,-4.2651,0.9522,3.6833,-4.2829,0.8674
9.39,-0.049,0.0194,0.0836,3.6679,-4.2748,0.9368,3.7169,-4.2942,0.8532
9.4,-0.0497,0.018,0.0809,3.6805,-4.2902,0.9213,3.7302,-4.3083,0.8405
9.41,-0.0487,0.0142,0.078,3.6999,-4.3049,0.9059,3.7486,-4.3191,0.8279
9.42,-0.0556,0.0146,0.0799,3.7173,-4.3092,0.8905,3.7729,-4.3238,0.8105
9.43,-0.0561,0.0136,0.078,3.7345,-4.2992,0.875,3.7906,-4.3128,0.797
9.44,-0.0593,0.0113,0.0767,3.7451,-4.3037,0.8595,3.8044,-4.315,0.7829
9.45,-0.0592,0.0098,0.0746,3.7743,-4.3075,0.8441,3.8335,-4.3172,0.7694
9.46,-0.0579,0.0097,0.0765,3.7919,-4.3168,0.8286,3.8498,-4.3265,0.7521
9.47,-0.0554,0.0033,0.0797,3.8166,-4.3201,0.8131,3.872,-4.3234,0.7334
9.48,-0.0538,0.0045,0.078,3.8315,-4.3282,0.7976,3.8853,-4.3327,0.7196
9.49,-0.0482,-0.0004,0.0779,3.8466,-4.3274,0.7821,3.8948,-4.327,0.7042
9.5,-0.0456,0.0019,0.0803,3.8668,-4.3371,0.7666,3.9125,-4.3391,0.6862
9.51,-0.0435,0.0029,0.0829,3.8833,-4.3364,0.751,3.9268,-4.3392,0.6682
9.52,-0.0444,0.0057,0.0815,3.9049,-4.3537,0.7355,3.9494,-4.3595,0.6541
9.53,-0.0447,0.0032,0.0811,3.9219,-4.3622,0.72,3.9666,-4.3654,0.6389
9.54,-0.0422,0.0072,0.0851,3.9381,-4.373,0.7044,3.9803,-4.3802,0.6194
9.55,-0.0408,0.0043,0.0855,3.9709,-4.3786,0.6889,4.0117,-4.3829,0.6034
9.56,-0.0362,0.0033,0.0823,3.9901,-4.3812,0.6733,4.0262,-4.3844,0.591
9.57,-0.0355,0.0041,0.0827,4.0104,-4.3953,0.6578,4.0459,-4.3995,0.5751
9.58,-0.0347,0.0024,0.084,4.0288,-4.3967,0.6422,4.0635,-4.3991,0.5582
9.59,-0.0332,0.0027,0.0831,4.0448,-4.4085,0.6266,4.078,-4.4112,0.5435
9.6,-0.0328,0.004,0.0783,4.0754,-4.4019,0.611,4.1082,-4.4059,0.5327
9.61,-0.0331,0.006,0.0811,4.0901,-4.4059,0.5954,4.1232,-4.4119,0.5143
9.62,-0.0338,0.0018,0.0801,4.1127,-4.419,0.5798,4.1465,-4.4207,0.4998
9.63,-0.0391,0.0009,0.0812,4.1386,-4.429,0.5642,4.1778,-4.4299,0.483
9.64,-0.0423,0.0011,0.0808,4.1588,-4.4294,0.5486,4.201,-4.4304,0.4678
9.65,-0.0449,0.0042,0.0839,4.1789,-4.4295,0.533,4.2238,-4.4337,0.4491
9.66,-0.0369,0.0036,0.0853,4.211,-4.4289,0.5174,4.2478,-4.4325,0.4321
9.67,-0.0388,0.0064,0.0867,4.2293,-4.4226,0.5018,4.2681,-4.429,0.4151
9.68,-0.044,0.006,0.0851,4.2508,-4.4247,0.4861,4.2947,-4.4307,0.401
9.69,-0.0396,0.0035,0.0875,4.2649,-4.4298,0.4705,4.3045,-4.4333,0.383
9.7,-0.041,0.0003,0.0861,4.2885,-4.4287,0.4549,4.3295,-4.4291,0.3688
9.71,-0.0438,-0.0033,0.0847,4.3107,-4.4292,0.4392,4.3545,-4.4259,0.3545
9.72,-0.0437,-0.0038,0.0862,4.3438,-4.4463,0.4236,4.3875,-4.4424,0.3373
9.73,-0.0421,0.0022,0.0856,4.3724,-4.4514,0.4079,4.4145,-4.4536,0.3224
9.74,-0.0419,0.0026,0.0892,4.3999,-4.4482,0.3923,4.4418,-4.4508,0.3031
9.75,-0.0413,0.0073,0.0905,4.4156,-4.4498,0.3766,4.4569,-4.4571,0.2861
9.76,-0.0393,0.0062,0.09,4.4475,-4.4492,0.3609,4.4868,-4.4554,0.271
9.77,-0.0387,0.0065,0.0911,4.4734,-4.4394,0.3453,4.5121,-4.446,0.2542
9.78,-0.0397,0.0098,0.0928,4.4901,-4.4537,0.3296,4.5298,-4.4635,0.2368
9.79,-0.039,0.011,0.0933,4.5136,-4.4497,0.3139,4.5526,-4.4607,0.2206
9.8,-0.0411,0.0147,0.0924,4.535,-4.4575,0.2983,4.5761,-4.4721,0.2059
9.81,-0.0419,0.0144,0.0916,4.5429,-4.4612,0.2826,4.5848,-4.4756,0.191
9.82,-0.0382,0.0172,0.0942,4.5665,-4.4542,0.2669,4.6046,-4.4714,0.1727
9.83,-0.0369,0.0174,0.094,4.597,-4.4581,0.2512,4.6339,-4.4755,0.1573
9.84,-0.035,0.0135,0.0961,4.6182,-4.4494,0.2355,4.6532,-4.4628,0.1394
9.85,-0.0325,0.0131,0.1002,4.6419,-4.4539,0.2198,4.6744,-4.467,0.1196
9.86,-0.0352,0.0163,0.0978,4.6691,-4.4599,0.2041,4.7043,-4.4762,0.1063
9.87,-0.0334,0.0154,0.0962,4.6998,-4.4593,0.1884,4.7332,-4.4747,0.0923
9.88,-0.038,0.0133,0.0992,4.7333,-4.4631,0.1727,4.7713,-4.4765,0.0735
9.89,-0.0369,0.0157,0.1015,4.758,-4.457,0.157,4.7949,-4.4727,0.0556
9.9,-0.0387,0.0204,0.1037,4.7907,-4.4457,0.1413,4.8294,-4.4661,0.0377
9.91,-0.0426,0.0219,0.1021,4.8188,-4.4461,0.1256,4.8614,-4.468,0.0236
9.92,-0.0425,0.0175,0.0996,4.8324,-4.4511,0.1099,4.8749,-4.4687,0.0103
9.93,-0.0411,0.0222,0.1021,4.8612,-4.4444,0.0942,4.9023,-4.4667,-0.0078
9.94,-0.0407,0.0232,0.0982,4.8815,-4.4478,0.0785,4.9222,-4.4711,-0.0197
9.95,-0.0456,0.0186,0.1001,4.9032,-4.4595,0.0628,4.9488,-4.4781,-0.0372
9.96,-0.0438,0.0137,0.103,4.9316,-4.4717,0.0471,4.9755,-4.4854,-0.0559
9.97,-0.0438,0.0156,0.0991,4.953,-4.4706,0.0314,4.9968,-4.4862,-0.0677
9.98,-0.0428,0.0148,0.0966,4.9763,-4.4672,0.0157,5.019,-4.482,-0.0809
9.99,-0.0403,0.0125,0.096,5.0128,-4.4501,0,5.0531,-4.4626,-0.096
